"Level 3 data (Version: 1.1.0) requested on 2017-09-20 11:50:18"
"Data provided by Project Tycho, Data Version 1.1.0, released 12 September 2014."
number,loc,state,country,loc_type,indicator,from_date,to_date,reporting_period,cumulative,pub_date,pub_delay,epi_week,event,disease,subcategory,url
0,WASHINGTON,DC,US,CITY,reported,1944-01-16,1944-01-22,7,0,1944-01-28,7,194403,CASES,ANTHRAX,UNSPECIFIED,https://www.tycho.pitt.edu/raw/PDF/1944/04.pdf
1,,,US,,reported,1942-01-04,1942-01-10,7,0,1942-01-16,7,194201,CASES,ANTHRAX,UNSPECIFIED,https://www.tycho.pitt.edu/raw/PDF/1942/03.pdf
0,,,US,,reported,1942-01-11,1942-01-17,7,0,1942-01-23,7,194202,CASES,ANTHRAX,UNSPECIFIED,https://www.tycho.pitt.edu/raw/PDF/1942/04.pdf
1,,,US,,reported,1942-01-11,1942-01-17,7,0,1942-01-23,7,194202,CASES,ANTHRAX,UNSPECIFIED,https://www.tycho.pitt.edu/raw/PDF/1942/04.pdf
2,,,US,,reported,1942-01-18,1942-01-24,7,0,1942-01-30,7,194203,CASES,ANTHRAX,UNSPECIFIED,https://www.tycho.pitt.edu/raw/PDF/1942/05.pdf
1,,,US,,reported,1942-01-25,1942-01-31,7,0,1942-02-06,7,194204,CASES,ANTHRAX,UNSPECIFIED,https://www.tycho.pitt.edu/raw/PDF/1942/06.pdf
2,,,US,,reported,1942-02-01,1942-02-07,7,0,1942-02-13,7,194205,CASES,ANTHRAX,UNSPECIFIED,https://www.tycho.pitt.edu/raw/PDF/1942/07.pdf
2,,,US,,reported,1942-02-08,1942-02-14,7,0,1942-02-20,7,194206,CASES,ANTHRAX,UNSPECIFIED,https://www.tycho.pitt.edu/raw/PDF/1942/08.pdf
2,,,US,,reported,1942-02-15,1942-02-21,7,0,1942-02-27,7,194207,CASES,ANTHRAX,UNSPECIFIED,https://www.tycho.pitt.edu/raw/PDF/1942/09.pdf
2,,,US,,reported,1942-02-22,1942-02-28,7,0,1942-03-06,7,194208,CASES,ANTHRAX,UNSPECIFIED,https://www.tycho.pitt.edu/raw/PDF/1942/10.pdf
6,,,US,,reported,1942-03-01,1942-03-07,7,0,1942-03-13,7,194209,CASES,ANTHRAX,UNSPECIFIED,https://www.tycho.pitt.edu/raw/PDF/1942/11.pdf
2,,,US,,reported,1942-03-22,1942-03-28,7,0,1942-04-03,7,194212,CASES,ANTHRAX,UNSPECIFIED,https://www.tycho.pitt.edu/raw/PDF/1942/14.pdf
1,,,US,,reported,1942-03-29,1942-04-04,7,0,1942-04-10,7,194213,CASES,ANTHRAX,UNSPECIFIED,https://www.tycho.pitt.edu/raw/PDF/1942/15.pdf
2,,,US,,reported,1942-04-05,1942-04-11,7,0,1942-04-17,7,194214,CASES,ANTHRAX,UNSPECIFIED,https://www.tycho.pitt.edu/raw/PDF/1942/16.pdf
1,,,US,,reported,1942-04-19,1942-04-25,7,0,1942-05-01,7,194216,CASES,ANTHRAX,UNSPECIFIED,https://www.tycho.pitt.edu/raw/PDF/1942/18.pdf
1,,,US,,reported,1942-04-26,1942-05-02,7,0,1942-05-08,7,194217,CASES,ANTHRAX,UNSPECIFIED,https://www.tycho.pitt.edu/raw/PDF/1942/19.pdf
0,,,US,,reported,1942-05-03,1942-05-09,7,0,1942-05-15,7,194218,CASES,ANTHRAX,UNSPECIFIED,https://www.tycho.pitt.edu/raw/PDF/1942/20.pdf
0,,,US,,reported,1942-05-10,1942-05-16,7,0,1942-05-22,7,194219,CASES,ANTHRAX,UNSPECIFIED,https://www.tycho.pitt.edu/raw/PDF/1942/21.pdf
1,,,US,,reported,1942-05-24,1942-05-30,7,0,1942-06-05,7,194221,CASES,ANTHRAX,UNSPECIFIED,https://www.tycho.pitt.edu/raw/PDF/1942/23.pdf
0,,,US,,reported,1942-05-31,1942-06-06,7,0,1942-06-12,7,194222,CASES,ANTHRAX,UNSPECIFIED,https://www.tycho.pitt.edu/raw/PDF/1942/24.pdf
2,,,US,,reported,1942-06-07,1942-06-13,7,0,1942-06-19,7,194223,CASES,ANTHRAX,UNSPECIFIED,https://www.tycho.pitt.edu/raw/PDF/1942/25.pdf
2,,,US,,reported,1942-06-14,1942-06-20,7,0,1942-06-26,7,194224,CASES,ANTHRAX,UNSPECIFIED,https://www.tycho.pitt.edu/raw/PDF/1942/26.pdf
2,,,US,,reported,1942-06-21,1942-06-27,7,0,1942-07-03,7,194225,CASES,ANTHRAX,UNSPECIFIED,https://www.tycho.pitt.edu/raw/PDF/1942/27.pdf
2,,,US,,reported,1942-06-28,1942-07-04,7,0,1942-07-10,7,194226,CASES,ANTHRAX,UNSPECIFIED,https://www.tycho.pitt.edu/raw/PDF/1942/28.pdf
2,,,US,,reported,1942-07-05,1942-07-11,7,0,1942-07-17,7,194227,CASES,ANTHRAX,UNSPECIFIED,https://www.tycho.pitt.edu/raw/PDF/1942/29.pdf
6,,,US,,reported,1942-07-12,1942-07-18,7,0,1942-07-24,7,194228,CASES,ANTHRAX,UNSPECIFIED,https://www.tycho.pitt.edu/raw/PDF/1942/30.pdf
1,,,US,,reported,1942-07-19,1942-07-25,7,0,1942-07-31,7,194229,CASES,ANTHRAX,UNSPECIFIED,https://www.tycho.pitt.edu/raw/PDF/1942/31.pdf
3,,,US,,reported,1942-07-26,1942-08-01,7,0,1942-08-07,7,194230,CASES,ANTHRAX,UNSPECIFIED,https://www.tycho.pitt.edu/raw/PDF/1942/32.pdf
1,,,US,,reported,1942-08-02,1942-08-08,7,0,1942-08-14,7,194231,CASES,ANTHRAX,UNSPECIFIED,https://www.tycho.pitt.edu/raw/PDF/1942/33.pdf
1,,,US,,reported,1942-08-09,1942-08-15,7,0,1942-08-21,7,194232,CASES,ANTHRAX,UNSPECIFIED,https://www.tycho.pitt.edu/raw/PDF/1942/34.pdf
1,,,US,,reported,1942-08-16,1942-08-22,7,0,1942-08-28,7,194233,CASES,ANTHRAX,UNSPECIFIED,https://www.tycho.pitt.edu/raw/PDF/1942/35.pdf
1,,,US,,reported,1942-08-23,1942-08-29,7,0,1942-09-04,7,194234,CASES,ANTHRAX,UNSPECIFIED,https://www.tycho.pitt.edu/raw/PDF/1942/36.pdf
2,,,US,,reported,1942-08-30,1942-09-05,7,0,1942-09-11,7,194235,CASES,ANTHRAX,UNSPECIFIED,https://www.tycho.pitt.edu/raw/PDF/1942/37.pdf
1,,,US,,reported,1942-09-06,1942-09-12,7,0,1942-09-18,7,194236,CASES,ANTHRAX,UNSPECIFIED,https://www.tycho.pitt.edu/raw/PDF/1942/38.pdf
2,,,US,,reported,1942-09-13,1942-09-19,7,0,1942-09-25,7,194237,CASES,ANTHRAX,UNSPECIFIED,https://www.tycho.pitt.edu/raw/PDF/1942/39.pdf
0,,,US,,reported,1942-09-20,1942-09-26,7,0,1942-10-02,7,194238,CASES,ANTHRAX,UNSPECIFIED,https://www.tycho.pitt.edu/raw/PDF/1942/40.pdf
0,,,US,,reported,1942-09-27,1942-10-03,7,0,1942-10-09,7,194239,CASES,ANTHRAX,UNSPECIFIED,https://www.tycho.pitt.edu/raw/PDF/1942/41.pdf
0,,,US,,reported,1942-10-18,1942-10-24,7,0,1942-10-30,7,194242,CASES,ANTHRAX,UNSPECIFIED,https://www.tycho.pitt.edu/raw/PDF/1942/44.pdf
2,,,US,,reported,1942-10-25,1942-10-31,7,0,1942-11-06,7,194243,CASES,ANTHRAX,UNSPECIFIED,https://www.tycho.pitt.edu/raw/PDF/1942/45.pdf
1,,,US,,reported,1942-11-01,1942-11-07,7,0,1942-11-13,7,194244,CASES,ANTHRAX,UNSPECIFIED,https://www.tycho.pitt.edu/raw/PDF/1942/46.pdf
0,,,US,,reported,1942-11-08,1942-11-14,7,0,1942-11-20,7,194245,CASES,ANTHRAX,UNSPECIFIED,https://www.tycho.pitt.edu/raw/PDF/1942/47.pdf
1,,,US,,reported,1942-11-15,1942-11-21,7,0,1942-11-27,7,194246,CASES,ANTHRAX,UNSPECIFIED,https://www.tycho.pitt.edu/raw/PDF/1942/48.pdf
1,,,US,,reported,1942-11-22,1942-11-28,7,0,1942-12-04,7,194247,CASES,ANTHRAX,UNSPECIFIED,https://www.tycho.pitt.edu/raw/PDF/1942/49.pdf
2,,,US,,reported,1942-11-29,1942-12-05,7,0,1942-12-11,7,194248,CASES,ANTHRAX,UNSPECIFIED,https://www.tycho.pitt.edu/raw/PDF/1942/50.pdf
1,,,US,,reported,1942-12-06,1942-12-12,7,0,1942-12-18,7,194249,CASES,ANTHRAX,UNSPECIFIED,https://www.tycho.pitt.edu/raw/PDF/1942/51.pdf
2,,,US,,reported,1942-12-13,1942-12-19,7,0,1942-12-25,7,194250,CASES,ANTHRAX,UNSPECIFIED,https://www.tycho.pitt.edu/raw/PDF/1942/52.pdf
0,,,US,,reported,1942-12-20,1942-12-26,7,0,1943-01-01,7,194251,CASES,ANTHRAX,UNSPECIFIED,https://www.tycho.pitt.edu/raw/PDF/1943/01.pdf
0,,,US,,reported,1942-12-27,1943-01-02,7,0,1943-01-08,7,194252,CASES,ANTHRAX,UNSPECIFIED,https://www.tycho.pitt.edu/raw/PDF/1943/02.pdf
1,,,US,,reported,1943-01-03,1943-01-09,7,0,1943-01-15,7,194301,CASES,ANTHRAX,UNSPECIFIED,https://www.tycho.pitt.edu/raw/PDF/1943/03.pdf
0,,,US,,reported,1943-01-10,1943-01-16,7,0,1943-01-22,7,194302,CASES,ANTHRAX,UNSPECIFIED,https://www.tycho.pitt.edu/raw/PDF/1943/04.pdf
3,,,US,,reported,1943-01-17,1943-01-23,7,0,1943-01-29,7,194303,CASES,ANTHRAX,UNSPECIFIED,https://www.tycho.pitt.edu/raw/PDF/1943/05.pdf
3,,,US,,reported,1943-01-24,1943-01-30,7,0,1943-02-05,7,194304,CASES,ANTHRAX,UNSPECIFIED,https://www.tycho.pitt.edu/raw/PDF/1943/06.pdf
1,,,US,,reported,1943-01-31,1943-02-06,7,0,1943-02-12,7,194305,CASES,ANTHRAX,UNSPECIFIED,https://www.tycho.pitt.edu/raw/PDF/1943/07.pdf
2,,,US,,reported,1943-02-07,1943-02-13,7,0,1943-02-19,7,194306,CASES,ANTHRAX,UNSPECIFIED,https://www.tycho.pitt.edu/raw/PDF/1943/08.pdf
0,,,US,,reported,1943-02-14,1943-02-20,7,0,1943-02-26,7,194307,CASES,ANTHRAX,UNSPECIFIED,https://www.tycho.pitt.edu/raw/PDF/1943/09.pdf
1,,,US,,reported,1943-02-21,1943-02-27,7,0,1943-03-05,7,194308,CASES,ANTHRAX,UNSPECIFIED,https://www.tycho.pitt.edu/raw/PDF/1943/10.pdf
4,,,US,,reported,1943-02-28,1943-03-06,7,0,1943-03-12,7,194309,CASES,ANTHRAX,UNSPECIFIED,https://www.tycho.pitt.edu/raw/PDF/1943/11.pdf
0,,,US,,reported,1943-03-07,1943-03-13,7,0,1943-03-19,7,194310,CASES,ANTHRAX,UNSPECIFIED,https://www.tycho.pitt.edu/raw/PDF/1943/12.pdf
4,,,US,,reported,1943-03-14,1943-03-20,7,0,1943-03-26,7,194311,CASES,ANTHRAX,UNSPECIFIED,https://www.tycho.pitt.edu/raw/PDF/1943/13.pdf
0,,,US,,reported,1943-03-21,1943-03-27,7,0,1943-04-02,7,194312,CASES,ANTHRAX,UNSPECIFIED,https://www.tycho.pitt.edu/raw/PDF/1943/14.pdf
1,,,US,,reported,1943-03-28,1943-04-03,7,0,1943-04-09,7,194313,CASES,ANTHRAX,UNSPECIFIED,https://www.tycho.pitt.edu/raw/PDF/1943/15.pdf
20,,,US,,reported,1943-03-28,1943-04-03,7,0,1943-04-09,7,194313,CASES,ANTHRAX,UNSPECIFIED,https://www.tycho.pitt.edu/raw/PDF/1943/15.pdf
2,,,US,,reported,1943-04-04,1943-04-10,7,0,1943-04-16,7,194314,CASES,ANTHRAX,UNSPECIFIED,https://www.tycho.pitt.edu/raw/PDF/1943/16.pdf
22,,,US,,reported,1943-04-04,1943-04-10,7,0,1943-04-16,7,194314,CASES,ANTHRAX,UNSPECIFIED,https://www.tycho.pitt.edu/raw/PDF/1943/16.pdf
1,,,US,,reported,1943-04-11,1943-04-17,7,0,1943-04-23,7,194315,CASES,ANTHRAX,UNSPECIFIED,https://www.tycho.pitt.edu/raw/PDF/1943/17.pdf
23,,,US,,reported,1943-04-11,1943-04-17,7,0,1943-04-23,7,194315,CASES,ANTHRAX,UNSPECIFIED,https://www.tycho.pitt.edu/raw/PDF/1943/17.pdf
0,,,US,,reported,1943-04-18,1943-04-24,7,0,1943-04-30,7,194316,CASES,ANTHRAX,UNSPECIFIED,https://www.tycho.pitt.edu/raw/PDF/1943/18.pdf
23,,,US,,reported,1943-04-18,1943-04-24,7,0,1943-04-30,7,194316,CASES,ANTHRAX,UNSPECIFIED,https://www.tycho.pitt.edu/raw/PDF/1943/18.pdf
2,,,US,,reported,1943-04-25,1943-05-01,7,0,1943-05-07,7,194317,CASES,ANTHRAX,UNSPECIFIED,https://www.tycho.pitt.edu/raw/PDF/1943/19.pdf
25,,,US,,reported,1943-04-25,1943-05-01,7,0,1943-05-07,7,194317,CASES,ANTHRAX,UNSPECIFIED,https://www.tycho.pitt.edu/raw/PDF/1943/19.pdf
0,,,US,,reported,1943-05-02,1943-05-08,7,0,1943-05-14,7,194318,CASES,ANTHRAX,UNSPECIFIED,https://www.tycho.pitt.edu/raw/PDF/1943/20.pdf
25,,,US,,reported,1943-05-02,1943-05-08,7,0,1943-05-14,7,194318,CASES,ANTHRAX,UNSPECIFIED,https://www.tycho.pitt.edu/raw/PDF/1943/20.pdf
29,,,US,,reported,1943-05-02,1943-05-08,7,0,1943-05-14,7,194318,CASES,ANTHRAX,UNSPECIFIED,https://www.tycho.pitt.edu/raw/PDF/1943/20.pdf
1,,,US,,reported,1943-05-09,1943-05-15,7,0,1943-05-21,7,194319,CASES,ANTHRAX,UNSPECIFIED,https://www.tycho.pitt.edu/raw/PDF/1943/21.pdf
26,,,US,,reported,1943-05-09,1943-05-15,7,0,1943-05-21,7,194319,CASES,ANTHRAX,UNSPECIFIED,https://www.tycho.pitt.edu/raw/PDF/1943/21.pdf
29,,,US,,reported,1943-05-09,1943-05-15,7,0,1943-05-21,7,194319,CASES,ANTHRAX,UNSPECIFIED,https://www.tycho.pitt.edu/raw/PDF/1943/21.pdf
0,,,US,,reported,1943-05-16,1943-05-22,7,0,1943-05-28,7,194320,CASES,ANTHRAX,UNSPECIFIED,https://www.tycho.pitt.edu/raw/PDF/1943/22.pdf
26,,,US,,reported,1943-05-16,1943-05-22,7,0,1943-05-28,7,194320,CASES,ANTHRAX,UNSPECIFIED,https://www.tycho.pitt.edu/raw/PDF/1943/22.pdf
32,,,US,,reported,1943-05-16,1943-05-22,7,0,1943-05-28,7,194320,CASES,ANTHRAX,UNSPECIFIED,https://www.tycho.pitt.edu/raw/PDF/1943/22.pdf
2,,,US,,reported,1943-05-23,1943-05-29,7,0,1943-06-04,7,194321,CASES,ANTHRAX,UNSPECIFIED,https://www.tycho.pitt.edu/raw/PDF/1943/23.pdf
28,,,US,,reported,1943-05-23,1943-05-29,7,0,1943-06-04,7,194321,CASES,ANTHRAX,UNSPECIFIED,https://www.tycho.pitt.edu/raw/PDF/1943/23.pdf
33,,,US,,reported,1943-05-23,1943-05-29,7,0,1943-06-04,7,194321,CASES,ANTHRAX,UNSPECIFIED,https://www.tycho.pitt.edu/raw/PDF/1943/23.pdf
2,,,US,,reported,1943-05-30,1943-06-05,7,0,1943-06-11,7,194322,CASES,ANTHRAX,UNSPECIFIED,https://www.tycho.pitt.edu/raw/PDF/1943/24.pdf
30,,,US,,reported,1943-05-30,1943-06-05,7,0,1943-06-11,7,194322,CASES,ANTHRAX,UNSPECIFIED,https://www.tycho.pitt.edu/raw/PDF/1943/24.pdf
33,,,US,,reported,1943-05-30,1943-06-05,7,0,1943-06-11,7,194322,CASES,ANTHRAX,UNSPECIFIED,https://www.tycho.pitt.edu/raw/PDF/1943/24.pdf
1,,,US,,reported,1943-06-06,1943-06-12,7,0,1943-06-18,7,194323,CASES,ANTHRAX,UNSPECIFIED,https://www.tycho.pitt.edu/raw/PDF/1943/25.pdf
31,,,US,,reported,1943-06-06,1943-06-12,7,0,1943-06-18,7,194323,CASES,ANTHRAX,UNSPECIFIED,https://www.tycho.pitt.edu/raw/PDF/1943/25.pdf
35,,,US,,reported,1943-06-06,1943-06-12,7,0,1943-06-18,7,194323,CASES,ANTHRAX,UNSPECIFIED,https://www.tycho.pitt.edu/raw/PDF/1943/25.pdf
2,,,US,,reported,1943-06-13,1943-06-19,7,0,1943-06-25,7,194324,CASES,ANTHRAX,UNSPECIFIED,https://www.tycho.pitt.edu/raw/PDF/1943/26.pdf
33,,,US,,reported,1943-06-13,1943-06-19,7,0,1943-06-25,7,194324,CASES,ANTHRAX,UNSPECIFIED,https://www.tycho.pitt.edu/raw/PDF/1943/26.pdf
37,,,US,,reported,1943-06-13,1943-06-19,7,0,1943-06-25,7,194324,CASES,ANTHRAX,UNSPECIFIED,https://www.tycho.pitt.edu/raw/PDF/1943/26.pdf
1,,,US,,reported,1943-06-20,1943-06-26,7,0,1943-07-02,7,194325,CASES,ANTHRAX,UNSPECIFIED,https://www.tycho.pitt.edu/raw/PDF/1943/27.pdf
34,,,US,,reported,1943-06-20,1943-06-26,7,0,1943-07-02,7,194325,CASES,ANTHRAX,UNSPECIFIED,https://www.tycho.pitt.edu/raw/PDF/1943/27.pdf
40,,,US,,reported,1943-06-20,1943-06-26,7,0,1943-07-02,7,194325,CASES,ANTHRAX,UNSPECIFIED,https://www.tycho.pitt.edu/raw/PDF/1943/27.pdf
0,,,US,,reported,1943-07-04,1943-07-10,7,0,1943-07-16,7,194327,CASES,ANTHRAX,UNSPECIFIED,https://www.tycho.pitt.edu/raw/PDF/1943/29.pdf
35,,,US,,reported,1943-07-04,1943-07-10,7,0,1943-07-16,7,194327,CASES,ANTHRAX,UNSPECIFIED,https://www.tycho.pitt.edu/raw/PDF/1943/29.pdf
44,,,US,,reported,1943-07-04,1943-07-10,7,0,1943-07-16,7,194327,CASES,ANTHRAX,UNSPECIFIED,https://www.tycho.pitt.edu/raw/PDF/1943/29.pdf
2,,,US,,reported,1943-07-11,1943-07-17,7,0,1943-07-23,7,194328,CASES,ANTHRAX,UNSPECIFIED,https://www.tycho.pitt.edu/raw/PDF/1943/30.pdf
37,,,US,,reported,1943-07-11,1943-07-17,7,0,1943-07-23,7,194328,CASES,ANTHRAX,UNSPECIFIED,https://www.tycho.pitt.edu/raw/PDF/1943/30.pdf
50,,,US,,reported,1943-07-11,1943-07-17,7,0,1943-07-23,7,194328,CASES,ANTHRAX,UNSPECIFIED,https://www.tycho.pitt.edu/raw/PDF/1943/30.pdf
0,,,US,,reported,1943-07-18,1943-07-24,7,0,1943-07-30,7,194329,CASES,ANTHRAX,UNSPECIFIED,https://www.tycho.pitt.edu/raw/PDF/1943/31.pdf
37,,,US,,reported,1943-07-18,1943-07-24,7,0,1943-07-30,7,194329,CASES,ANTHRAX,UNSPECIFIED,https://www.tycho.pitt.edu/raw/PDF/1943/31.pdf
51,,,US,,reported,1943-07-18,1943-07-24,7,0,1943-07-30,7,194329,CASES,ANTHRAX,UNSPECIFIED,https://www.tycho.pitt.edu/raw/PDF/1943/31.pdf
0,,,US,,reported,1943-07-25,1943-07-31,7,0,1943-08-06,7,194330,CASES,ANTHRAX,UNSPECIFIED,https://www.tycho.pitt.edu/raw/PDF/1943/32.pdf
37,,,US,,reported,1943-07-25,1943-07-31,7,0,1943-08-06,7,194330,CASES,ANTHRAX,UNSPECIFIED,https://www.tycho.pitt.edu/raw/PDF/1943/32.pdf
54,,,US,,reported,1943-07-25,1943-07-31,7,0,1943-08-06,7,194330,CASES,ANTHRAX,UNSPECIFIED,https://www.tycho.pitt.edu/raw/PDF/1943/32.pdf
2,,,US,,reported,1943-08-01,1943-08-07,7,0,1943-08-13,7,194331,CASES,ANTHRAX,UNSPECIFIED,https://www.tycho.pitt.edu/raw/PDF/1943/33.pdf
39,,,US,,reported,1943-08-01,1943-08-07,7,0,1943-08-13,7,194331,CASES,ANTHRAX,UNSPECIFIED,https://www.tycho.pitt.edu/raw/PDF/1943/33.pdf
55,,,US,,reported,1943-08-01,1943-08-07,7,0,1943-08-13,7,194331,CASES,ANTHRAX,UNSPECIFIED,https://www.tycho.pitt.edu/raw/PDF/1943/33.pdf
1,,,US,,reported,1943-08-08,1943-08-14,7,0,1943-08-20,7,194332,CASES,ANTHRAX,UNSPECIFIED,https://www.tycho.pitt.edu/raw/PDF/1943/34.pdf
40,,,US,,reported,1943-08-08,1943-08-14,7,0,1943-08-20,7,194332,CASES,ANTHRAX,UNSPECIFIED,https://www.tycho.pitt.edu/raw/PDF/1943/34.pdf
56,,,US,,reported,1943-08-08,1943-08-14,7,0,1943-08-20,7,194332,CASES,ANTHRAX,UNSPECIFIED,https://www.tycho.pitt.edu/raw/PDF/1943/34.pdf
1,,,US,,reported,1943-08-22,1943-08-28,7,0,1943-09-03,7,194334,CASES,ANTHRAX,UNSPECIFIED,https://www.tycho.pitt.edu/raw/PDF/1943/36.pdf
42,,,US,,reported,1943-08-22,1943-08-28,7,0,1943-09-03,7,194334,CASES,ANTHRAX,UNSPECIFIED,https://www.tycho.pitt.edu/raw/PDF/1943/36.pdf
58,,,US,,reported,1943-08-22,1943-08-28,7,0,1943-09-03,7,194334,CASES,ANTHRAX,UNSPECIFIED,https://www.tycho.pitt.edu/raw/PDF/1943/36.pdf
2,,,US,,reported,1943-08-29,1943-09-04,7,0,1943-09-10,7,194335,CASES,ANTHRAX,UNSPECIFIED,https://www.tycho.pitt.edu/raw/PDF/1943/37.pdf
44,,,US,,reported,1943-08-29,1943-09-04,7,0,1943-09-10,7,194335,CASES,ANTHRAX,UNSPECIFIED,https://www.tycho.pitt.edu/raw/PDF/1943/37.pdf
60,,,US,,reported,1943-08-29,1943-09-04,7,0,1943-09-10,7,194335,CASES,ANTHRAX,UNSPECIFIED,https://www.tycho.pitt.edu/raw/PDF/1943/37.pdf
3,,,US,,reported,1943-09-05,1943-09-11,7,0,1943-09-17,7,194336,CASES,ANTHRAX,UNSPECIFIED,https://www.tycho.pitt.edu/raw/PDF/1943/38.pdf
47,,,US,,reported,1943-09-05,1943-09-11,7,0,1943-09-17,7,194336,CASES,ANTHRAX,UNSPECIFIED,https://www.tycho.pitt.edu/raw/PDF/1943/38.pdf
61,,,US,,reported,1943-09-05,1943-09-11,7,0,1943-09-17,7,194336,CASES,ANTHRAX,UNSPECIFIED,https://www.tycho.pitt.edu/raw/PDF/1943/38.pdf
0,,,US,,reported,1943-09-12,1943-09-18,7,0,1943-09-24,7,194337,CASES,ANTHRAX,UNSPECIFIED,https://www.tycho.pitt.edu/raw/PDF/1943/39.pdf
47,,,US,,reported,1943-09-12,1943-09-18,7,0,1943-09-24,7,194337,CASES,ANTHRAX,UNSPECIFIED,https://www.tycho.pitt.edu/raw/PDF/1943/39.pdf
63,,,US,,reported,1943-09-12,1943-09-18,7,0,1943-09-24,7,194337,CASES,ANTHRAX,UNSPECIFIED,https://www.tycho.pitt.edu/raw/PDF/1943/39.pdf
1,,,US,,reported,1943-09-19,1943-09-25,7,0,1943-10-01,7,194338,CASES,ANTHRAX,UNSPECIFIED,https://www.tycho.pitt.edu/raw/PDF/1943/40.pdf
48,,,US,,reported,1943-09-19,1943-09-25,7,0,1943-10-01,7,194338,CASES,ANTHRAX,UNSPECIFIED,https://www.tycho.pitt.edu/raw/PDF/1943/40.pdf
63,,,US,,reported,1943-09-19,1943-09-25,7,0,1943-10-01,7,194338,CASES,ANTHRAX,UNSPECIFIED,https://www.tycho.pitt.edu/raw/PDF/1943/40.pdf
1,,,US,,reported,1943-09-26,1943-10-02,7,0,1943-10-08,7,194339,CASES,ANTHRAX,UNSPECIFIED,https://www.tycho.pitt.edu/raw/PDF/1943/41.pdf
49,,,US,,reported,1943-09-26,1943-10-02,7,0,1943-10-08,7,194339,CASES,ANTHRAX,UNSPECIFIED,https://www.tycho.pitt.edu/raw/PDF/1943/41.pdf
63,,,US,,reported,1943-09-26,1943-10-02,7,0,1943-10-08,7,194339,CASES,ANTHRAX,UNSPECIFIED,https://www.tycho.pitt.edu/raw/PDF/1943/41.pdf
1,,,US,,reported,1943-10-03,1943-10-09,7,0,1943-10-15,7,194340,CASES,ANTHRAX,UNSPECIFIED,https://www.tycho.pitt.edu/raw/PDF/1943/42.pdf
50,,,US,,reported,1943-10-03,1943-10-09,7,0,1943-10-15,7,194340,CASES,ANTHRAX,UNSPECIFIED,https://www.tycho.pitt.edu/raw/PDF/1943/42.pdf
67,,,US,,reported,1943-10-03,1943-10-09,7,0,1943-10-15,7,194340,CASES,ANTHRAX,UNSPECIFIED,https://www.tycho.pitt.edu/raw/PDF/1943/42.pdf
1,,,US,,reported,1943-10-10,1943-10-16,7,0,1943-10-22,7,194341,CASES,ANTHRAX,UNSPECIFIED,https://www.tycho.pitt.edu/raw/PDF/1943/43.pdf
51,,,US,,reported,1943-10-10,1943-10-16,7,0,1943-10-22,7,194341,CASES,ANTHRAX,UNSPECIFIED,https://www.tycho.pitt.edu/raw/PDF/1943/43.pdf
68,,,US,,reported,1943-10-10,1943-10-16,7,0,1943-10-22,7,194341,CASES,ANTHRAX,UNSPECIFIED,https://www.tycho.pitt.edu/raw/PDF/1943/43.pdf
3,,,US,,reported,1943-10-24,1943-10-30,7,0,1943-11-05,7,194343,CASES,ANTHRAX,UNSPECIFIED,https://www.tycho.pitt.edu/raw/PDF/1943/45.pdf
56,,,US,,reported,1943-10-24,1943-10-30,7,0,1943-11-05,7,194343,CASES,ANTHRAX,UNSPECIFIED,https://www.tycho.pitt.edu/raw/PDF/1943/45.pdf
70,,,US,,reported,1943-10-24,1943-10-30,7,0,1943-11-05,7,194343,CASES,ANTHRAX,UNSPECIFIED,https://www.tycho.pitt.edu/raw/PDF/1943/45.pdf
2,,,US,,reported,1943-10-31,1943-11-06,7,0,1943-11-12,7,194344,CASES,ANTHRAX,UNSPECIFIED,https://www.tycho.pitt.edu/raw/PDF/1943/46.pdf
58,,,US,,reported,1943-10-31,1943-11-06,7,0,1943-11-12,7,194344,CASES,ANTHRAX,UNSPECIFIED,https://www.tycho.pitt.edu/raw/PDF/1943/46.pdf
71,,,US,,reported,1943-10-31,1943-11-06,7,0,1943-11-12,7,194344,CASES,ANTHRAX,UNSPECIFIED,https://www.tycho.pitt.edu/raw/PDF/1943/46.pdf
2,,,US,,reported,1943-11-07,1943-11-13,7,0,1943-11-19,7,194345,CASES,ANTHRAX,UNSPECIFIED,https://www.tycho.pitt.edu/raw/PDF/1943/47.pdf
60,,,US,,reported,1943-11-07,1943-11-13,7,0,1943-11-19,7,194345,CASES,ANTHRAX,UNSPECIFIED,https://www.tycho.pitt.edu/raw/PDF/1943/47.pdf
71,,,US,,reported,1943-11-07,1943-11-13,7,0,1943-11-19,7,194345,CASES,ANTHRAX,UNSPECIFIED,https://www.tycho.pitt.edu/raw/PDF/1943/47.pdf
1,,,US,,reported,1943-11-14,1943-11-20,7,0,1943-11-26,7,194346,CASES,ANTHRAX,UNSPECIFIED,https://www.tycho.pitt.edu/raw/PDF/1943/48.pdf
61,,,US,,reported,1943-11-14,1943-11-20,7,0,1943-11-26,7,194346,CASES,ANTHRAX,UNSPECIFIED,https://www.tycho.pitt.edu/raw/PDF/1943/48.pdf
72,,,US,,reported,1943-11-14,1943-11-20,7,0,1943-11-26,7,194346,CASES,ANTHRAX,UNSPECIFIED,https://www.tycho.pitt.edu/raw/PDF/1943/48.pdf
1,,,US,,reported,1943-11-21,1943-11-27,7,0,1943-12-03,7,194347,CASES,ANTHRAX,UNSPECIFIED,https://www.tycho.pitt.edu/raw/PDF/1943/49.pdf
62,,,US,,reported,1943-11-21,1943-11-27,7,0,1943-12-03,7,194347,CASES,ANTHRAX,UNSPECIFIED,https://www.tycho.pitt.edu/raw/PDF/1943/49.pdf
73,,,US,,reported,1943-11-21,1943-11-27,7,0,1943-12-03,7,194347,CASES,ANTHRAX,UNSPECIFIED,https://www.tycho.pitt.edu/raw/PDF/1943/49.pdf
1,,,US,,reported,1943-12-05,1943-12-11,7,0,1943-12-17,7,194349,CASES,ANTHRAX,UNSPECIFIED,https://www.tycho.pitt.edu/raw/PDF/1943/51.pdf
63,,,US,,reported,1943-12-05,1943-12-11,7,0,1943-12-17,7,194349,CASES,ANTHRAX,UNSPECIFIED,https://www.tycho.pitt.edu/raw/PDF/1943/51.pdf
76,,,US,,reported,1943-12-05,1943-12-11,7,0,1943-12-17,7,194349,CASES,ANTHRAX,UNSPECIFIED,https://www.tycho.pitt.edu/raw/PDF/1943/51.pdf
2,,,US,,reported,1943-12-12,1943-12-18,7,0,1943-12-24,7,194350,CASES,ANTHRAX,UNSPECIFIED,https://www.tycho.pitt.edu/raw/PDF/1943/52.pdf
65,,,US,,reported,1943-12-12,1943-12-18,7,0,1943-12-24,7,194350,CASES,ANTHRAX,UNSPECIFIED,https://www.tycho.pitt.edu/raw/PDF/1943/52.pdf
78,,,US,,reported,1943-12-12,1943-12-18,7,0,1943-12-24,7,194350,CASES,ANTHRAX,UNSPECIFIED,https://www.tycho.pitt.edu/raw/PDF/1943/52.pdf
0,,,US,,reported,1943-12-19,1943-12-25,7,0,1943-12-31,7,194351,CASES,ANTHRAX,UNSPECIFIED,https://www.tycho.pitt.edu/raw/PDF/1943/53.pdf
65,,,US,,reported,1943-12-19,1943-12-25,7,0,1943-12-31,7,194351,CASES,ANTHRAX,UNSPECIFIED,https://www.tycho.pitt.edu/raw/PDF/1943/53.pdf
78,,,US,,reported,1943-12-19,1943-12-25,7,0,1943-12-31,7,194351,CASES,ANTHRAX,UNSPECIFIED,https://www.tycho.pitt.edu/raw/PDF/1943/53.pdf
0,,,US,,reported,1943-12-26,1944-01-01,7,0,1944-01-07,7,194352,CASES,ANTHRAX,UNSPECIFIED,https://www.tycho.pitt.edu/raw/PDF/1944/01.pdf
65,,,US,,reported,1943-12-26,1944-01-01,7,0,1944-01-07,7,194352,CASES,ANTHRAX,UNSPECIFIED,https://www.tycho.pitt.edu/raw/PDF/1944/01.pdf
78,,,US,,reported,1943-12-26,1944-01-01,7,0,1944-01-07,7,194352,CASES,ANTHRAX,UNSPECIFIED,https://www.tycho.pitt.edu/raw/PDF/1944/01.pdf
1,,,US,,reported,1944-01-02,1944-01-08,7,0,1944-01-14,7,194401,CASES,ANTHRAX,UNSPECIFIED,https://www.tycho.pitt.edu/raw/PDF/1944/02.pdf
1,,,US,,reported,1944-01-02,1944-01-08,7,0,1944-01-14,7,194401,CASES,ANTHRAX,UNSPECIFIED,https://www.tycho.pitt.edu/raw/PDF/1944/02.pdf
1,,,US,,reported,1944-01-16,1944-01-22,7,0,1944-01-28,7,194403,CASES,ANTHRAX,UNSPECIFIED,https://www.tycho.pitt.edu/raw/PDF/1944/04.pdf
3,,,US,,reported,1944-01-16,1944-01-22,7,0,1944-01-28,7,194403,CASES,ANTHRAX,UNSPECIFIED,https://www.tycho.pitt.edu/raw/PDF/1944/04.pdf
4,,,US,,reported,1944-01-16,1944-01-22,7,0,1944-01-28,7,194403,CASES,ANTHRAX,UNSPECIFIED,https://www.tycho.pitt.edu/raw/PDF/1944/04.pdf
0,,,US,,reported,1944-01-23,1944-01-29,7,0,1944-02-04,7,194404,CASES,ANTHRAX,UNSPECIFIED,https://www.tycho.pitt.edu/raw/PDF/1944/05.pdf
3,,,US,,reported,1944-01-23,1944-01-29,7,0,1944-02-04,7,194404,CASES,ANTHRAX,UNSPECIFIED,https://www.tycho.pitt.edu/raw/PDF/1944/05.pdf
7,,,US,,reported,1944-01-23,1944-01-29,7,0,1944-02-04,7,194404,CASES,ANTHRAX,UNSPECIFIED,https://www.tycho.pitt.edu/raw/PDF/1944/05.pdf
1,,,US,,reported,1944-01-30,1944-02-05,7,0,1944-02-11,7,194405,CASES,ANTHRAX,UNSPECIFIED,https://www.tycho.pitt.edu/raw/PDF/1944/06.pdf
4,,,US,,reported,1944-01-30,1944-02-05,7,0,1944-02-11,7,194405,CASES,ANTHRAX,UNSPECIFIED,https://www.tycho.pitt.edu/raw/PDF/1944/06.pdf
8,,,US,,reported,1944-01-30,1944-02-05,7,0,1944-02-11,7,194405,CASES,ANTHRAX,UNSPECIFIED,https://www.tycho.pitt.edu/raw/PDF/1944/06.pdf
1,,,US,,reported,1944-02-06,1944-02-12,7,0,1944-02-18,7,194406,CASES,ANTHRAX,UNSPECIFIED,https://www.tycho.pitt.edu/raw/PDF/1944/07.pdf
5,,,US,,reported,1944-02-06,1944-02-12,7,0,1944-02-18,7,194406,CASES,ANTHRAX,UNSPECIFIED,https://www.tycho.pitt.edu/raw/PDF/1944/07.pdf
10,,,US,,reported,1944-02-06,1944-02-12,7,0,1944-02-18,7,194406,CASES,ANTHRAX,UNSPECIFIED,https://www.tycho.pitt.edu/raw/PDF/1944/07.pdf
1,,,US,,reported,1944-02-13,1944-02-19,7,0,1944-02-25,7,194407,CASES,ANTHRAX,UNSPECIFIED,https://www.tycho.pitt.edu/raw/PDF/1944/08.pdf
6,,,US,,reported,1944-02-13,1944-02-19,7,0,1944-02-25,7,194407,CASES,ANTHRAX,UNSPECIFIED,https://www.tycho.pitt.edu/raw/PDF/1944/08.pdf
10,,,US,,reported,1944-02-13,1944-02-19,7,0,1944-02-25,7,194407,CASES,ANTHRAX,UNSPECIFIED,https://www.tycho.pitt.edu/raw/PDF/1944/08.pdf
1,,,US,,reported,1944-02-20,1944-02-26,7,0,1944-03-03,7,194408,CASES,ANTHRAX,UNSPECIFIED,https://www.tycho.pitt.edu/raw/PDF/1944/09.pdf
7,,,US,,reported,1944-02-20,1944-02-26,7,0,1944-03-03,7,194408,CASES,ANTHRAX,UNSPECIFIED,https://www.tycho.pitt.edu/raw/PDF/1944/09.pdf
11,,,US,,reported,1944-02-20,1944-02-26,7,0,1944-03-03,7,194408,CASES,ANTHRAX,UNSPECIFIED,https://www.tycho.pitt.edu/raw/PDF/1944/09.pdf
0,,,US,,reported,1944-02-27,1944-03-04,7,0,1944-03-10,7,194409,CASES,ANTHRAX,UNSPECIFIED,https://www.tycho.pitt.edu/raw/PDF/1944/10.pdf
7,,,US,,reported,1944-02-27,1944-03-04,7,0,1944-03-10,7,194409,CASES,ANTHRAX,UNSPECIFIED,https://www.tycho.pitt.edu/raw/PDF/1944/10.pdf
0,,,US,,reported,1944-03-05,1944-03-11,7,0,1944-03-17,7,194410,CASES,ANTHRAX,UNSPECIFIED,https://www.tycho.pitt.edu/raw/PDF/1944/11.pdf
8,,,US,,reported,1944-03-05,1944-03-11,7,0,1944-03-17,7,194410,CASES,ANTHRAX,UNSPECIFIED,https://www.tycho.pitt.edu/raw/PDF/1944/11.pdf
15,,,US,,reported,1944-03-05,1944-03-11,7,0,1944-03-17,7,194410,CASES,ANTHRAX,UNSPECIFIED,https://www.tycho.pitt.edu/raw/PDF/1944/11.pdf
2,,,US,,reported,1944-03-12,1944-03-18,7,0,1944-03-24,7,194411,CASES,ANTHRAX,UNSPECIFIED,https://www.tycho.pitt.edu/raw/PDF/1944/12.pdf
10,,,US,,reported,1944-03-12,1944-03-18,7,0,1944-03-24,7,194411,CASES,ANTHRAX,UNSPECIFIED,https://www.tycho.pitt.edu/raw/PDF/1944/12.pdf
19,,,US,,reported,1944-03-12,1944-03-18,7,0,1944-03-24,7,194411,CASES,ANTHRAX,UNSPECIFIED,https://www.tycho.pitt.edu/raw/PDF/1944/12.pdf
1,,,US,,reported,1944-03-19,1944-03-25,7,0,1944-03-31,7,194412,CASES,ANTHRAX,UNSPECIFIED,https://www.tycho.pitt.edu/raw/PDF/1944/13.pdf
11,,,US,,reported,1944-03-19,1944-03-25,7,0,1944-03-31,7,194412,CASES,ANTHRAX,UNSPECIFIED,https://www.tycho.pitt.edu/raw/PDF/1944/13.pdf
1,,,US,,reported,1944-03-26,1944-04-01,7,0,1944-04-07,7,194413,CASES,ANTHRAX,UNSPECIFIED,https://www.tycho.pitt.edu/raw/PDF/1944/14.pdf
12,,,US,,reported,1944-03-26,1944-04-01,7,0,1944-04-07,7,194413,CASES,ANTHRAX,UNSPECIFIED,https://www.tycho.pitt.edu/raw/PDF/1944/14.pdf
4,,,US,,reported,1944-04-02,1944-04-08,7,0,1944-04-14,7,194414,CASES,ANTHRAX,UNSPECIFIED,https://www.tycho.pitt.edu/raw/PDF/1944/15.pdf
16,,,US,,reported,1944-04-02,1944-04-08,7,0,1944-04-14,7,194414,CASES,ANTHRAX,UNSPECIFIED,https://www.tycho.pitt.edu/raw/PDF/1944/15.pdf
22,,,US,,reported,1944-04-02,1944-04-08,7,0,1944-04-14,7,194414,CASES,ANTHRAX,UNSPECIFIED,https://www.tycho.pitt.edu/raw/PDF/1944/15.pdf
0,,,US,,reported,1944-04-09,1944-04-15,7,0,1944-04-21,7,194415,CASES,ANTHRAX,UNSPECIFIED,https://www.tycho.pitt.edu/raw/PDF/1944/16.pdf
16,,,US,,reported,1944-04-09,1944-04-15,7,0,1944-04-21,7,194415,CASES,ANTHRAX,UNSPECIFIED,https://www.tycho.pitt.edu/raw/PDF/1944/16.pdf
23,,,US,,reported,1944-04-09,1944-04-15,7,0,1944-04-21,7,194415,CASES,ANTHRAX,UNSPECIFIED,https://www.tycho.pitt.edu/raw/PDF/1944/16.pdf
1,,,US,,reported,1944-04-16,1944-04-22,7,0,1944-04-28,7,194416,CASES,ANTHRAX,UNSPECIFIED,https://www.tycho.pitt.edu/raw/PDF/1944/17.pdf
17,,,US,,reported,1944-04-16,1944-04-22,7,0,1944-04-28,7,194416,CASES,ANTHRAX,UNSPECIFIED,https://www.tycho.pitt.edu/raw/PDF/1944/17.pdf
23,,,US,,reported,1944-04-16,1944-04-22,7,0,1944-04-28,7,194416,CASES,ANTHRAX,UNSPECIFIED,https://www.tycho.pitt.edu/raw/PDF/1944/17.pdf
0,,,US,,reported,1944-04-23,1944-04-29,7,0,1944-05-05,7,194417,CASES,ANTHRAX,UNSPECIFIED,https://www.tycho.pitt.edu/raw/PDF/1944/18.pdf
17,,,US,,reported,1944-04-23,1944-04-29,7,0,1944-05-05,7,194417,CASES,ANTHRAX,UNSPECIFIED,https://www.tycho.pitt.edu/raw/PDF/1944/18.pdf
25,,,US,,reported,1944-04-23,1944-04-29,7,0,1944-05-05,7,194417,CASES,ANTHRAX,UNSPECIFIED,https://www.tycho.pitt.edu/raw/PDF/1944/18.pdf
0,,,US,,reported,1944-04-30,1944-05-06,7,0,1944-05-12,7,194418,CASES,ANTHRAX,UNSPECIFIED,https://www.tycho.pitt.edu/raw/PDF/1944/19.pdf
17,,,US,,reported,1944-04-30,1944-05-06,7,0,1944-05-12,7,194418,CASES,ANTHRAX,UNSPECIFIED,https://www.tycho.pitt.edu/raw/PDF/1944/19.pdf
25,,,US,,reported,1944-04-30,1944-05-06,7,0,1944-05-12,7,194418,CASES,ANTHRAX,UNSPECIFIED,https://www.tycho.pitt.edu/raw/PDF/1944/19.pdf
0,,,US,,reported,1944-05-07,1944-05-13,7,0,1944-05-19,7,194419,CASES,ANTHRAX,UNSPECIFIED,https://www.tycho.pitt.edu/raw/PDF/1944/20.pdf
17,,,US,,reported,1944-05-07,1944-05-13,7,0,1944-05-19,7,194419,CASES,ANTHRAX,UNSPECIFIED,https://www.tycho.pitt.edu/raw/PDF/1944/20.pdf
26,,,US,,reported,1944-05-07,1944-05-13,7,0,1944-05-19,7,194419,CASES,ANTHRAX,UNSPECIFIED,https://www.tycho.pitt.edu/raw/PDF/1944/20.pdf
0,,,US,,reported,1944-05-14,1944-05-20,7,0,1944-05-26,7,194420,CASES,ANTHRAX,UNSPECIFIED,https://www.tycho.pitt.edu/raw/PDF/1944/21.pdf
17,,,US,,reported,1944-05-14,1944-05-20,7,0,1944-05-26,7,194420,CASES,ANTHRAX,UNSPECIFIED,https://www.tycho.pitt.edu/raw/PDF/1944/21.pdf
26,,,US,,reported,1944-05-14,1944-05-20,7,0,1944-05-26,7,194420,CASES,ANTHRAX,UNSPECIFIED,https://www.tycho.pitt.edu/raw/PDF/1944/21.pdf
0,,,US,,reported,1944-05-21,1944-05-27,7,0,1944-06-02,7,194421,CASES,ANTHRAX,UNSPECIFIED,https://www.tycho.pitt.edu/raw/PDF/1944/22.pdf
17,,,US,,reported,1944-05-21,1944-05-27,7,0,1944-06-02,7,194421,CASES,ANTHRAX,UNSPECIFIED,https://www.tycho.pitt.edu/raw/PDF/1944/22.pdf
28,,,US,,reported,1944-05-21,1944-05-27,7,0,1944-06-02,7,194421,CASES,ANTHRAX,UNSPECIFIED,https://www.tycho.pitt.edu/raw/PDF/1944/22.pdf
0,,,US,,reported,1944-05-28,1944-06-03,7,0,1944-06-09,7,194422,CASES,ANTHRAX,UNSPECIFIED,https://www.tycho.pitt.edu/raw/PDF/1944/23.pdf
17,,,US,,reported,1944-05-28,1944-06-03,7,0,1944-06-09,7,194422,CASES,ANTHRAX,UNSPECIFIED,https://www.tycho.pitt.edu/raw/PDF/1944/23.pdf
30,,,US,,reported,1944-05-28,1944-06-03,7,0,1944-06-09,7,194422,CASES,ANTHRAX,UNSPECIFIED,https://www.tycho.pitt.edu/raw/PDF/1944/23.pdf
0,,,US,,reported,1944-06-04,1944-06-10,7,0,1944-06-16,7,194423,CASES,ANTHRAX,UNSPECIFIED,https://www.tycho.pitt.edu/raw/PDF/1944/24.pdf
17,,,US,,reported,1944-06-04,1944-06-10,7,0,1944-06-16,7,194423,CASES,ANTHRAX,UNSPECIFIED,https://www.tycho.pitt.edu/raw/PDF/1944/24.pdf
31,,,US,,reported,1944-06-04,1944-06-10,7,0,1944-06-16,7,194423,CASES,ANTHRAX,UNSPECIFIED,https://www.tycho.pitt.edu/raw/PDF/1944/24.pdf
3,,,US,,reported,1944-06-18,1944-06-24,7,0,1944-06-30,7,194425,CASES,ANTHRAX,UNSPECIFIED,https://www.tycho.pitt.edu/raw/PDF/1944/26.pdf
22,,,US,,reported,1944-06-18,1944-06-24,7,0,1944-06-30,7,194425,CASES,ANTHRAX,UNSPECIFIED,https://www.tycho.pitt.edu/raw/PDF/1944/26.pdf
34,,,US,,reported,1944-06-18,1944-06-24,7,0,1944-06-30,7,194425,CASES,ANTHRAX,UNSPECIFIED,https://www.tycho.pitt.edu/raw/PDF/1944/26.pdf
0,,,US,,reported,1944-07-02,1944-07-08,7,0,1944-07-14,7,194427,CASES,ANTHRAX,UNSPECIFIED,https://www.tycho.pitt.edu/raw/PDF/1944/28.pdf
0,,,US,,reported,1944-07-02,1944-07-08,7,0,1944-07-14,7,194427,CASES,ANTHRAX,UNSPECIFIED,https://www.tycho.pitt.edu/raw/PDF/1944/28.pdf
2,,,US,,reported,1944-07-02,1944-07-08,7,0,1944-07-14,7,194427,CASES,ANTHRAX,UNSPECIFIED,https://www.tycho.pitt.edu/raw/PDF/1944/28.pdf
23,,,US,,reported,1944-07-02,1944-07-08,7,0,1944-07-14,7,194427,CASES,ANTHRAX,UNSPECIFIED,https://www.tycho.pitt.edu/raw/PDF/1944/28.pdf
35,,,US,,reported,1944-07-02,1944-07-08,7,0,1944-07-14,7,194427,CASES,ANTHRAX,UNSPECIFIED,https://www.tycho.pitt.edu/raw/PDF/1944/28.pdf
44,,,US,,reported,1944-07-02,1944-07-08,7,0,1944-07-14,7,194427,CASES,ANTHRAX,UNSPECIFIED,https://www.tycho.pitt.edu/raw/PDF/1944/28.pdf
0,,,US,,reported,1944-07-09,1944-07-15,7,0,1944-07-21,7,194428,CASES,ANTHRAX,UNSPECIFIED,https://www.tycho.pitt.edu/raw/PDF/1944/29.pdf
2,,,US,,reported,1944-07-09,1944-07-15,7,0,1944-07-21,7,194428,CASES,ANTHRAX,UNSPECIFIED,https://www.tycho.pitt.edu/raw/PDF/1944/29.pdf
6,,,US,,reported,1944-07-09,1944-07-15,7,0,1944-07-21,7,194428,CASES,ANTHRAX,UNSPECIFIED,https://www.tycho.pitt.edu/raw/PDF/1944/29.pdf
23,,,US,,reported,1944-07-09,1944-07-15,7,0,1944-07-21,7,194428,CASES,ANTHRAX,UNSPECIFIED,https://www.tycho.pitt.edu/raw/PDF/1944/29.pdf
37,,,US,,reported,1944-07-09,1944-07-15,7,0,1944-07-21,7,194428,CASES,ANTHRAX,UNSPECIFIED,https://www.tycho.pitt.edu/raw/PDF/1944/29.pdf
50,,,US,,reported,1944-07-09,1944-07-15,7,0,1944-07-21,7,194428,CASES,ANTHRAX,UNSPECIFIED,https://www.tycho.pitt.edu/raw/PDF/1944/29.pdf
0,,,US,,reported,1944-07-16,1944-07-22,7,0,1944-07-28,7,194429,CASES,ANTHRAX,UNSPECIFIED,https://www.tycho.pitt.edu/raw/PDF/1944/30.pdf
0,,,US,,reported,1944-07-16,1944-07-22,7,0,1944-07-28,7,194429,CASES,ANTHRAX,UNSPECIFIED,https://www.tycho.pitt.edu/raw/PDF/1944/30.pdf
1,,,US,,reported,1944-07-16,1944-07-22,7,0,1944-07-28,7,194429,CASES,ANTHRAX,UNSPECIFIED,https://www.tycho.pitt.edu/raw/PDF/1944/30.pdf
23,,,US,,reported,1944-07-16,1944-07-22,7,0,1944-07-28,7,194429,CASES,ANTHRAX,UNSPECIFIED,https://www.tycho.pitt.edu/raw/PDF/1944/30.pdf
37,,,US,,reported,1944-07-16,1944-07-22,7,0,1944-07-28,7,194429,CASES,ANTHRAX,UNSPECIFIED,https://www.tycho.pitt.edu/raw/PDF/1944/30.pdf
51,,,US,,reported,1944-07-16,1944-07-22,7,0,1944-07-28,7,194429,CASES,ANTHRAX,UNSPECIFIED,https://www.tycho.pitt.edu/raw/PDF/1944/30.pdf
1,,,US,,reported,1944-07-23,1944-07-29,7,0,1944-08-04,7,194430,CASES,ANTHRAX,UNSPECIFIED,https://www.tycho.pitt.edu/raw/PDF/1944/31.pdf
0,,,US,,reported,1944-07-23,1944-07-29,7,0,1944-08-04,7,194430,CASES,ANTHRAX,UNSPECIFIED,https://www.tycho.pitt.edu/raw/PDF/1944/31.pdf
3,,,US,,reported,1944-07-23,1944-07-29,7,0,1944-08-04,7,194430,CASES,ANTHRAX,UNSPECIFIED,https://www.tycho.pitt.edu/raw/PDF/1944/31.pdf
24,,,US,,reported,1944-07-23,1944-07-29,7,0,1944-08-04,7,194430,CASES,ANTHRAX,UNSPECIFIED,https://www.tycho.pitt.edu/raw/PDF/1944/31.pdf
37,,,US,,reported,1944-07-23,1944-07-29,7,0,1944-08-04,7,194430,CASES,ANTHRAX,UNSPECIFIED,https://www.tycho.pitt.edu/raw/PDF/1944/31.pdf
54,,,US,,reported,1944-07-23,1944-07-29,7,0,1944-08-04,7,194430,CASES,ANTHRAX,UNSPECIFIED,https://www.tycho.pitt.edu/raw/PDF/1944/31.pdf
2,,,US,,reported,1944-07-30,1944-08-05,7,0,1944-08-11,7,194431,CASES,ANTHRAX,UNSPECIFIED,https://www.tycho.pitt.edu/raw/PDF/1944/32.pdf
2,,,US,,reported,1944-07-30,1944-08-05,7,0,1944-08-11,7,194431,CASES,ANTHRAX,UNSPECIFIED,https://www.tycho.pitt.edu/raw/PDF/1944/32.pdf
1,,,US,,reported,1944-07-30,1944-08-05,7,0,1944-08-11,7,194431,CASES,ANTHRAX,UNSPECIFIED,https://www.tycho.pitt.edu/raw/PDF/1944/32.pdf
26,,,US,,reported,1944-07-30,1944-08-05,7,0,1944-08-11,7,194431,CASES,ANTHRAX,UNSPECIFIED,https://www.tycho.pitt.edu/raw/PDF/1944/32.pdf
39,,,US,,reported,1944-07-30,1944-08-05,7,0,1944-08-11,7,194431,CASES,ANTHRAX,UNSPECIFIED,https://www.tycho.pitt.edu/raw/PDF/1944/32.pdf
55,,,US,,reported,1944-07-30,1944-08-05,7,0,1944-08-11,7,194431,CASES,ANTHRAX,UNSPECIFIED,https://www.tycho.pitt.edu/raw/PDF/1944/32.pdf
4,,,US,,reported,1944-08-06,1944-08-12,7,0,1944-08-18,7,194432,CASES,ANTHRAX,UNSPECIFIED,https://www.tycho.pitt.edu/raw/PDF/1944/33.pdf
1,,,US,,reported,1944-08-06,1944-08-12,7,0,1944-08-18,7,194432,CASES,ANTHRAX,UNSPECIFIED,https://www.tycho.pitt.edu/raw/PDF/1944/33.pdf
1,,,US,,reported,1944-08-06,1944-08-12,7,0,1944-08-18,7,194432,CASES,ANTHRAX,UNSPECIFIED,https://www.tycho.pitt.edu/raw/PDF/1944/33.pdf
30,,,US,,reported,1944-08-06,1944-08-12,7,0,1944-08-18,7,194432,CASES,ANTHRAX,UNSPECIFIED,https://www.tycho.pitt.edu/raw/PDF/1944/33.pdf
40,,,US,,reported,1944-08-06,1944-08-12,7,0,1944-08-18,7,194432,CASES,ANTHRAX,UNSPECIFIED,https://www.tycho.pitt.edu/raw/PDF/1944/33.pdf
56,,,US,,reported,1944-08-06,1944-08-12,7,0,1944-08-18,7,194432,CASES,ANTHRAX,UNSPECIFIED,https://www.tycho.pitt.edu/raw/PDF/1944/33.pdf
0,,,US,,reported,1944-08-20,1944-08-26,7,0,1944-09-01,7,194434,CASES,ANTHRAX,UNSPECIFIED,https://www.tycho.pitt.edu/raw/PDF/1944/35.pdf
1,,,US,,reported,1944-08-20,1944-08-26,7,0,1944-09-01,7,194434,CASES,ANTHRAX,UNSPECIFIED,https://www.tycho.pitt.edu/raw/PDF/1944/35.pdf
1,,,US,,reported,1944-08-20,1944-08-26,7,0,1944-09-01,7,194434,CASES,ANTHRAX,UNSPECIFIED,https://www.tycho.pitt.edu/raw/PDF/1944/35.pdf
30,,,US,,reported,1944-08-20,1944-08-26,7,0,1944-09-01,7,194434,CASES,ANTHRAX,UNSPECIFIED,https://www.tycho.pitt.edu/raw/PDF/1944/35.pdf
42,,,US,,reported,1944-08-20,1944-08-26,7,0,1944-09-01,7,194434,CASES,ANTHRAX,UNSPECIFIED,https://www.tycho.pitt.edu/raw/PDF/1944/35.pdf
58,,,US,,reported,1944-08-20,1944-08-26,7,0,1944-09-01,7,194434,CASES,ANTHRAX,UNSPECIFIED,https://www.tycho.pitt.edu/raw/PDF/1944/35.pdf
1,,,US,,reported,1944-08-27,1944-09-02,7,0,1944-09-08,7,194435,CASES,ANTHRAX,UNSPECIFIED,https://www.tycho.pitt.edu/raw/PDF/1944/36.pdf
2,,,US,,reported,1944-08-27,1944-09-02,7,0,1944-09-08,7,194435,CASES,ANTHRAX,UNSPECIFIED,https://www.tycho.pitt.edu/raw/PDF/1944/36.pdf
2,,,US,,reported,1944-08-27,1944-09-02,7,0,1944-09-08,7,194435,CASES,ANTHRAX,UNSPECIFIED,https://www.tycho.pitt.edu/raw/PDF/1944/36.pdf
31,,,US,,reported,1944-08-27,1944-09-02,7,0,1944-09-08,7,194435,CASES,ANTHRAX,UNSPECIFIED,https://www.tycho.pitt.edu/raw/PDF/1944/36.pdf
44,,,US,,reported,1944-08-27,1944-09-02,7,0,1944-09-08,7,194435,CASES,ANTHRAX,UNSPECIFIED,https://www.tycho.pitt.edu/raw/PDF/1944/36.pdf
60,,,US,,reported,1944-08-27,1944-09-02,7,0,1944-09-08,7,194435,CASES,ANTHRAX,UNSPECIFIED,https://www.tycho.pitt.edu/raw/PDF/1944/36.pdf
0,,,US,,reported,1944-09-03,1944-09-09,7,0,1944-09-15,7,194436,CASES,ANTHRAX,UNSPECIFIED,https://www.tycho.pitt.edu/raw/PDF/1944/37.pdf
3,,,US,,reported,1944-09-03,1944-09-09,7,0,1944-09-15,7,194436,CASES,ANTHRAX,UNSPECIFIED,https://www.tycho.pitt.edu/raw/PDF/1944/37.pdf
1,,,US,,reported,1944-09-03,1944-09-09,7,0,1944-09-15,7,194436,CASES,ANTHRAX,UNSPECIFIED,https://www.tycho.pitt.edu/raw/PDF/1944/37.pdf
31,,,US,,reported,1944-09-03,1944-09-09,7,0,1944-09-15,7,194436,CASES,ANTHRAX,UNSPECIFIED,https://www.tycho.pitt.edu/raw/PDF/1944/37.pdf
47,,,US,,reported,1944-09-03,1944-09-09,7,0,1944-09-15,7,194436,CASES,ANTHRAX,UNSPECIFIED,https://www.tycho.pitt.edu/raw/PDF/1944/37.pdf
61,,,US,,reported,1944-09-03,1944-09-09,7,0,1944-09-15,7,194436,CASES,ANTHRAX,UNSPECIFIED,https://www.tycho.pitt.edu/raw/PDF/1944/37.pdf
1,,,US,,reported,1944-09-10,1944-09-16,7,0,1944-09-22,7,194437,CASES,ANTHRAX,UNSPECIFIED,https://www.tycho.pitt.edu/raw/PDF/1944/38.pdf
0,,,US,,reported,1944-09-10,1944-09-16,7,0,1944-09-22,7,194437,CASES,ANTHRAX,UNSPECIFIED,https://www.tycho.pitt.edu/raw/PDF/1944/38.pdf
2,,,US,,reported,1944-09-10,1944-09-16,7,0,1944-09-22,7,194437,CASES,ANTHRAX,UNSPECIFIED,https://www.tycho.pitt.edu/raw/PDF/1944/38.pdf
32,,,US,,reported,1944-09-10,1944-09-16,7,0,1944-09-22,7,194437,CASES,ANTHRAX,UNSPECIFIED,https://www.tycho.pitt.edu/raw/PDF/1944/38.pdf
47,,,US,,reported,1944-09-10,1944-09-16,7,0,1944-09-22,7,194437,CASES,ANTHRAX,UNSPECIFIED,https://www.tycho.pitt.edu/raw/PDF/1944/38.pdf
63,,,US,,reported,1944-09-10,1944-09-16,7,0,1944-09-22,7,194437,CASES,ANTHRAX,UNSPECIFIED,https://www.tycho.pitt.edu/raw/PDF/1944/38.pdf
2,,,US,,reported,1944-09-17,1944-09-23,7,0,1944-09-29,7,194438,CASES,ANTHRAX,UNSPECIFIED,https://www.tycho.pitt.edu/raw/PDF/1944/39.pdf
1,,,US,,reported,1944-09-17,1944-09-23,7,0,1944-09-29,7,194438,CASES,ANTHRAX,UNSPECIFIED,https://www.tycho.pitt.edu/raw/PDF/1944/39.pdf
0,,,US,,reported,1944-09-17,1944-09-23,7,0,1944-09-29,7,194438,CASES,ANTHRAX,UNSPECIFIED,https://www.tycho.pitt.edu/raw/PDF/1944/39.pdf
34,,,US,,reported,1944-09-17,1944-09-23,7,0,1944-09-29,7,194438,CASES,ANTHRAX,UNSPECIFIED,https://www.tycho.pitt.edu/raw/PDF/1944/39.pdf
48,,,US,,reported,1944-09-17,1944-09-23,7,0,1944-09-29,7,194438,CASES,ANTHRAX,UNSPECIFIED,https://www.tycho.pitt.edu/raw/PDF/1944/39.pdf
63,,,US,,reported,1944-09-17,1944-09-23,7,0,1944-09-29,7,194438,CASES,ANTHRAX,UNSPECIFIED,https://www.tycho.pitt.edu/raw/PDF/1944/39.pdf
1,,,US,,reported,1944-09-24,1944-09-30,7,0,1944-10-06,7,194439,CASES,ANTHRAX,UNSPECIFIED,https://www.tycho.pitt.edu/raw/PDF/1944/40.pdf
1,,,US,,reported,1944-09-24,1944-09-30,7,0,1944-10-06,7,194439,CASES,ANTHRAX,UNSPECIFIED,https://www.tycho.pitt.edu/raw/PDF/1944/40.pdf
0,,,US,,reported,1944-09-24,1944-09-30,7,0,1944-10-06,7,194439,CASES,ANTHRAX,UNSPECIFIED,https://www.tycho.pitt.edu/raw/PDF/1944/40.pdf
35,,,US,,reported,1944-09-24,1944-09-30,7,0,1944-10-06,7,194439,CASES,ANTHRAX,UNSPECIFIED,https://www.tycho.pitt.edu/raw/PDF/1944/40.pdf
49,,,US,,reported,1944-09-24,1944-09-30,7,0,1944-10-06,7,194439,CASES,ANTHRAX,UNSPECIFIED,https://www.tycho.pitt.edu/raw/PDF/1944/40.pdf
63,,,US,,reported,1944-09-24,1944-09-30,7,0,1944-10-06,7,194439,CASES,ANTHRAX,UNSPECIFIED,https://www.tycho.pitt.edu/raw/PDF/1944/40.pdf
0,,,US,,reported,1944-10-01,1944-10-07,7,0,1944-10-13,7,194440,CASES,ANTHRAX,UNSPECIFIED,https://www.tycho.pitt.edu/raw/PDF/1944/41.pdf
1,,,US,,reported,1944-10-01,1944-10-07,7,0,1944-10-13,7,194440,CASES,ANTHRAX,UNSPECIFIED,https://www.tycho.pitt.edu/raw/PDF/1944/41.pdf
4,,,US,,reported,1944-10-01,1944-10-07,7,0,1944-10-13,7,194440,CASES,ANTHRAX,UNSPECIFIED,https://www.tycho.pitt.edu/raw/PDF/1944/41.pdf
35,,,US,,reported,1944-10-01,1944-10-07,7,0,1944-10-13,7,194440,CASES,ANTHRAX,UNSPECIFIED,https://www.tycho.pitt.edu/raw/PDF/1944/41.pdf
50,,,US,,reported,1944-10-01,1944-10-07,7,0,1944-10-13,7,194440,CASES,ANTHRAX,UNSPECIFIED,https://www.tycho.pitt.edu/raw/PDF/1944/41.pdf
67,,,US,,reported,1944-10-01,1944-10-07,7,0,1944-10-13,7,194440,CASES,ANTHRAX,UNSPECIFIED,https://www.tycho.pitt.edu/raw/PDF/1944/41.pdf
2,,,US,,reported,1944-10-08,1944-10-14,7,0,1944-11-03,21,194441,CASES,ANTHRAX,UNSPECIFIED,https://www.tycho.pitt.edu/raw/PDF/1944/44.pdf
1,,,US,,reported,1944-10-08,1944-10-14,7,0,1944-11-03,21,194441,CASES,ANTHRAX,UNSPECIFIED,https://www.tycho.pitt.edu/raw/PDF/1944/44.pdf
1,,,US,,reported,1944-10-08,1944-10-14,7,0,1944-11-03,21,194441,CASES,ANTHRAX,UNSPECIFIED,https://www.tycho.pitt.edu/raw/PDF/1944/44.pdf
37,,,US,,reported,1944-10-08,1944-10-14,7,0,1944-11-03,21,194441,CASES,ANTHRAX,UNSPECIFIED,https://www.tycho.pitt.edu/raw/PDF/1944/44.pdf
51,,,US,,reported,1944-10-08,1944-10-14,7,0,1944-11-03,21,194441,CASES,ANTHRAX,UNSPECIFIED,https://www.tycho.pitt.edu/raw/PDF/1944/44.pdf
68,,,US,,reported,1944-10-08,1944-10-14,7,0,1944-11-03,21,194441,CASES,ANTHRAX,UNSPECIFIED,https://www.tycho.pitt.edu/raw/PDF/1944/44.pdf
0,,,US,,reported,1944-10-15,1944-10-21,7,0,1944-11-10,21,194442,CASES,ANTHRAX,UNSPECIFIED,https://www.tycho.pitt.edu/raw/PDF/1944/45.pdf
2,,,US,,reported,1944-10-15,1944-10-21,7,0,1944-11-10,21,194442,CASES,ANTHRAX,UNSPECIFIED,https://www.tycho.pitt.edu/raw/PDF/1944/45.pdf
0,,,US,,reported,1944-10-15,1944-10-21,7,0,1944-11-10,21,194442,CASES,ANTHRAX,UNSPECIFIED,https://www.tycho.pitt.edu/raw/PDF/1944/45.pdf
37,,,US,,reported,1944-10-15,1944-10-21,7,0,1944-11-10,21,194442,CASES,ANTHRAX,UNSPECIFIED,https://www.tycho.pitt.edu/raw/PDF/1944/45.pdf
53,,,US,,reported,1944-10-15,1944-10-21,7,0,1944-11-10,21,194442,CASES,ANTHRAX,UNSPECIFIED,https://www.tycho.pitt.edu/raw/PDF/1944/45.pdf
68,,,US,,reported,1944-10-15,1944-10-21,7,0,1944-11-10,21,194442,CASES,ANTHRAX,UNSPECIFIED,https://www.tycho.pitt.edu/raw/PDF/1944/45.pdf
0,,,US,,reported,1944-10-22,1944-10-28,7,0,1944-11-17,21,194443,CASES,ANTHRAX,UNSPECIFIED,https://www.tycho.pitt.edu/raw/PDF/1944/46.pdf
3,,,US,,reported,1944-10-22,1944-10-28,7,0,1944-11-17,21,194443,CASES,ANTHRAX,UNSPECIFIED,https://www.tycho.pitt.edu/raw/PDF/1944/46.pdf
2,,,US,,reported,1944-10-22,1944-10-28,7,0,1944-11-17,21,194443,CASES,ANTHRAX,UNSPECIFIED,https://www.tycho.pitt.edu/raw/PDF/1944/46.pdf
37,,,US,,reported,1944-10-22,1944-10-28,7,0,1944-11-17,21,194443,CASES,ANTHRAX,UNSPECIFIED,https://www.tycho.pitt.edu/raw/PDF/1944/46.pdf
56,,,US,,reported,1944-10-22,1944-10-28,7,0,1944-11-17,21,194443,CASES,ANTHRAX,UNSPECIFIED,https://www.tycho.pitt.edu/raw/PDF/1944/46.pdf
70,,,US,,reported,1944-10-22,1944-10-28,7,0,1944-11-17,21,194443,CASES,ANTHRAX,UNSPECIFIED,https://www.tycho.pitt.edu/raw/PDF/1944/46.pdf
1,,,US,,reported,1944-10-29,1944-11-04,7,0,1944-11-24,21,194444,CASES,ANTHRAX,UNSPECIFIED,https://www.tycho.pitt.edu/raw/PDF/1944/47.pdf
2,,,US,,reported,1944-10-29,1944-11-04,7,0,1944-11-24,21,194444,CASES,ANTHRAX,UNSPECIFIED,https://www.tycho.pitt.edu/raw/PDF/1944/47.pdf
1,,,US,,reported,1944-10-29,1944-11-04,7,0,1944-11-24,21,194444,CASES,ANTHRAX,UNSPECIFIED,https://www.tycho.pitt.edu/raw/PDF/1944/47.pdf
38,,,US,,reported,1944-10-29,1944-11-04,7,0,1944-11-24,21,194444,CASES,ANTHRAX,UNSPECIFIED,https://www.tycho.pitt.edu/raw/PDF/1944/47.pdf
58,,,US,,reported,1944-10-29,1944-11-04,7,0,1944-11-24,21,194444,CASES,ANTHRAX,UNSPECIFIED,https://www.tycho.pitt.edu/raw/PDF/1944/47.pdf
71,,,US,,reported,1944-10-29,1944-11-04,7,0,1944-11-24,21,194444,CASES,ANTHRAX,UNSPECIFIED,https://www.tycho.pitt.edu/raw/PDF/1944/47.pdf
0,,,US,,reported,1944-11-05,1944-11-11,7,0,1944-12-01,21,194445,CASES,ANTHRAX,UNSPECIFIED,https://www.tycho.pitt.edu/raw/PDF/1944/48.pdf
2,,,US,,reported,1944-11-05,1944-11-11,7,0,1944-12-01,21,194445,CASES,ANTHRAX,UNSPECIFIED,https://www.tycho.pitt.edu/raw/PDF/1944/48.pdf
0,,,US,,reported,1944-11-05,1944-11-11,7,0,1944-12-01,21,194445,CASES,ANTHRAX,UNSPECIFIED,https://www.tycho.pitt.edu/raw/PDF/1944/48.pdf
38,,,US,,reported,1944-11-05,1944-11-11,7,0,1944-12-01,21,194445,CASES,ANTHRAX,UNSPECIFIED,https://www.tycho.pitt.edu/raw/PDF/1944/48.pdf
60,,,US,,reported,1944-11-05,1944-11-11,7,0,1944-12-01,21,194445,CASES,ANTHRAX,UNSPECIFIED,https://www.tycho.pitt.edu/raw/PDF/1944/48.pdf
71,,,US,,reported,1944-11-05,1944-11-11,7,0,1944-12-01,21,194445,CASES,ANTHRAX,UNSPECIFIED,https://www.tycho.pitt.edu/raw/PDF/1944/48.pdf
0,,,US,,reported,1944-11-12,1944-11-18,7,0,1944-12-08,21,194446,CASES,ANTHRAX,UNSPECIFIED,https://www.tycho.pitt.edu/raw/PDF/1944/49.pdf
1,,,US,,reported,1944-11-12,1944-11-18,7,0,1944-12-08,21,194446,CASES,ANTHRAX,UNSPECIFIED,https://www.tycho.pitt.edu/raw/PDF/1944/49.pdf
1,,,US,,reported,1944-11-12,1944-11-18,7,0,1944-12-08,21,194446,CASES,ANTHRAX,UNSPECIFIED,https://www.tycho.pitt.edu/raw/PDF/1944/49.pdf
38,,,US,,reported,1944-11-12,1944-11-18,7,0,1944-12-08,21,194446,CASES,ANTHRAX,UNSPECIFIED,https://www.tycho.pitt.edu/raw/PDF/1944/49.pdf
61,,,US,,reported,1944-11-12,1944-11-18,7,0,1944-12-08,21,194446,CASES,ANTHRAX,UNSPECIFIED,https://www.tycho.pitt.edu/raw/PDF/1944/49.pdf
72,,,US,,reported,1944-11-12,1944-11-18,7,0,1944-12-08,21,194446,CASES,ANTHRAX,UNSPECIFIED,https://www.tycho.pitt.edu/raw/PDF/1944/49.pdf
1,,,US,,reported,1944-11-19,1944-11-25,7,0,1944-12-15,21,194447,CASES,ANTHRAX,UNSPECIFIED,https://www.tycho.pitt.edu/raw/PDF/1944/50.pdf
1,,,US,,reported,1944-11-19,1944-11-25,7,0,1944-12-15,21,194447,CASES,ANTHRAX,UNSPECIFIED,https://www.tycho.pitt.edu/raw/PDF/1944/50.pdf
1,,,US,,reported,1944-11-19,1944-11-25,7,0,1944-12-15,21,194447,CASES,ANTHRAX,UNSPECIFIED,https://www.tycho.pitt.edu/raw/PDF/1944/50.pdf
39,,,US,,reported,1944-11-19,1944-11-25,7,0,1944-12-15,21,194447,CASES,ANTHRAX,UNSPECIFIED,https://www.tycho.pitt.edu/raw/PDF/1944/50.pdf
62,,,US,,reported,1944-11-19,1944-11-25,7,0,1944-12-15,21,194447,CASES,ANTHRAX,UNSPECIFIED,https://www.tycho.pitt.edu/raw/PDF/1944/50.pdf
73,,,US,,reported,1944-11-19,1944-11-25,7,0,1944-12-15,21,194447,CASES,ANTHRAX,UNSPECIFIED,https://www.tycho.pitt.edu/raw/PDF/1944/50.pdf
1,,,US,,reported,1944-11-26,1944-12-02,7,0,1944-12-22,21,194448,CASES,ANTHRAX,UNSPECIFIED,https://www.tycho.pitt.edu/raw/PDF/1944/51.pdf
0,,,US,,reported,1944-11-26,1944-12-02,7,0,1944-12-22,21,194448,CASES,ANTHRAX,UNSPECIFIED,https://www.tycho.pitt.edu/raw/PDF/1944/51.pdf
2,,,US,,reported,1944-11-26,1944-12-02,7,0,1944-12-22,21,194448,CASES,ANTHRAX,UNSPECIFIED,https://www.tycho.pitt.edu/raw/PDF/1944/51.pdf
40,,,US,,reported,1944-11-26,1944-12-02,7,0,1944-12-22,21,194448,CASES,ANTHRAX,UNSPECIFIED,https://www.tycho.pitt.edu/raw/PDF/1944/51.pdf
62,,,US,,reported,1944-11-26,1944-12-02,7,0,1944-12-22,21,194448,CASES,ANTHRAX,UNSPECIFIED,https://www.tycho.pitt.edu/raw/PDF/1944/51.pdf
75,,,US,,reported,1944-11-26,1944-12-02,7,0,1944-12-22,21,194448,CASES,ANTHRAX,UNSPECIFIED,https://www.tycho.pitt.edu/raw/PDF/1944/51.pdf
0,,,US,,reported,1944-12-03,1944-12-09,7,0,1944-12-29,21,194449,CASES,ANTHRAX,UNSPECIFIED,https://www.tycho.pitt.edu/raw/PDF/1944/52.pdf
1,,,US,,reported,1944-12-03,1944-12-09,7,0,1944-12-29,21,194449,CASES,ANTHRAX,UNSPECIFIED,https://www.tycho.pitt.edu/raw/PDF/1944/52.pdf
1,,,US,,reported,1944-12-03,1944-12-09,7,0,1944-12-29,21,194449,CASES,ANTHRAX,UNSPECIFIED,https://www.tycho.pitt.edu/raw/PDF/1944/52.pdf
40,,,US,,reported,1944-12-03,1944-12-09,7,0,1944-12-29,21,194449,CASES,ANTHRAX,UNSPECIFIED,https://www.tycho.pitt.edu/raw/PDF/1944/52.pdf
63,,,US,,reported,1944-12-03,1944-12-09,7,0,1944-12-29,21,194449,CASES,ANTHRAX,UNSPECIFIED,https://www.tycho.pitt.edu/raw/PDF/1944/52.pdf
76,,,US,,reported,1944-12-03,1944-12-09,7,0,1944-12-29,21,194449,CASES,ANTHRAX,UNSPECIFIED,https://www.tycho.pitt.edu/raw/PDF/1944/52.pdf
0,,,US,,reported,1944-12-10,1944-12-16,7,0,1945-01-05,21,194450,CASES,ANTHRAX,UNSPECIFIED,https://www.tycho.pitt.edu/raw/PDF/1945/01.pdf
2,,,US,,reported,1944-12-10,1944-12-16,7,0,1945-01-05,21,194450,CASES,ANTHRAX,UNSPECIFIED,https://www.tycho.pitt.edu/raw/PDF/1945/01.pdf
2,,,US,,reported,1944-12-10,1944-12-16,7,0,1945-01-05,21,194450,CASES,ANTHRAX,UNSPECIFIED,https://www.tycho.pitt.edu/raw/PDF/1945/01.pdf
40,,,US,,reported,1944-12-10,1944-12-16,7,0,1945-01-05,21,194450,CASES,ANTHRAX,UNSPECIFIED,https://www.tycho.pitt.edu/raw/PDF/1945/01.pdf
65,,,US,,reported,1944-12-10,1944-12-16,7,0,1945-01-05,21,194450,CASES,ANTHRAX,UNSPECIFIED,https://www.tycho.pitt.edu/raw/PDF/1945/01.pdf
78,,,US,,reported,1944-12-10,1944-12-16,7,0,1945-01-05,21,194450,CASES,ANTHRAX,UNSPECIFIED,https://www.tycho.pitt.edu/raw/PDF/1945/01.pdf
0,,,US,,reported,1944-12-17,1944-12-23,7,0,1945-01-12,21,194451,CASES,ANTHRAX,UNSPECIFIED,https://www.tycho.pitt.edu/raw/PDF/1945/02.pdf
0,,,US,,reported,1944-12-17,1944-12-23,7,0,1945-01-12,21,194451,CASES,ANTHRAX,UNSPECIFIED,https://www.tycho.pitt.edu/raw/PDF/1945/02.pdf
0,,,US,,reported,1944-12-17,1944-12-23,7,0,1945-01-12,21,194451,CASES,ANTHRAX,UNSPECIFIED,https://www.tycho.pitt.edu/raw/PDF/1945/02.pdf
40,,,US,,reported,1944-12-17,1944-12-23,7,0,1945-01-12,21,194451,CASES,ANTHRAX,UNSPECIFIED,https://www.tycho.pitt.edu/raw/PDF/1945/02.pdf
65,,,US,,reported,1944-12-17,1944-12-23,7,0,1945-01-12,21,194451,CASES,ANTHRAX,UNSPECIFIED,https://www.tycho.pitt.edu/raw/PDF/1945/02.pdf
78,,,US,,reported,1944-12-17,1944-12-23,7,0,1945-01-12,21,194451,CASES,ANTHRAX,UNSPECIFIED,https://www.tycho.pitt.edu/raw/PDF/1945/02.pdf
0,,,US,,reported,1944-12-24,1944-12-30,7,0,1945-01-19,21,194452,CASES,ANTHRAX,UNSPECIFIED,https://www.tycho.pitt.edu/raw/PDF/1945/03.pdf
0,,,US,,reported,1944-12-24,1944-12-30,7,0,1945-01-19,21,194452,CASES,ANTHRAX,UNSPECIFIED,https://www.tycho.pitt.edu/raw/PDF/1945/03.pdf
0,,,US,,reported,1944-12-24,1944-12-30,7,0,1945-01-19,21,194452,CASES,ANTHRAX,UNSPECIFIED,https://www.tycho.pitt.edu/raw/PDF/1945/03.pdf
40,,,US,,reported,1944-12-24,1944-12-30,7,0,1945-01-19,21,194452,CASES,ANTHRAX,UNSPECIFIED,https://www.tycho.pitt.edu/raw/PDF/1945/03.pdf
65,,,US,,reported,1944-12-24,1944-12-30,7,0,1945-01-19,21,194452,CASES,ANTHRAX,UNSPECIFIED,https://www.tycho.pitt.edu/raw/PDF/1945/03.pdf
78,,,US,,reported,1944-12-24,1944-12-30,7,0,1945-01-19,21,194452,CASES,ANTHRAX,UNSPECIFIED,https://www.tycho.pitt.edu/raw/PDF/1945/03.pdf
1,,,US,,reported,1944-12-31,1945-01-06,7,0,1945-01-26,21,194501,CASES,ANTHRAX,UNSPECIFIED,https://www.tycho.pitt.edu/raw/PDF/1945/04.pdf
1,,,US,,reported,1944-12-31,1945-01-06,7,0,1945-01-26,21,194501,CASES,ANTHRAX,UNSPECIFIED,https://www.tycho.pitt.edu/raw/PDF/1945/04.pdf
1,,,US,,reported,1944-12-31,1945-01-06,7,0,1945-01-26,21,194501,CASES,ANTHRAX,UNSPECIFIED,https://www.tycho.pitt.edu/raw/PDF/1945/04.pdf
1,,,US,,reported,1945-01-07,1945-01-13,7,0,1945-02-02,21,194502,CASES,ANTHRAX,UNSPECIFIED,https://www.tycho.pitt.edu/raw/PDF/1945/05.pdf
1,,,US,,reported,1945-01-07,1945-01-13,7,0,1945-02-02,21,194502,CASES,ANTHRAX,UNSPECIFIED,https://www.tycho.pitt.edu/raw/PDF/1945/05.pdf
0,,,US,,reported,1945-01-07,1945-01-13,7,0,1945-02-02,21,194502,CASES,ANTHRAX,UNSPECIFIED,https://www.tycho.pitt.edu/raw/PDF/1945/05.pdf
2,,,US,,reported,1945-01-07,1945-01-13,7,0,1945-02-02,21,194502,CASES,ANTHRAX,UNSPECIFIED,https://www.tycho.pitt.edu/raw/PDF/1945/05.pdf
2,,,US,,reported,1945-01-07,1945-01-13,7,0,1945-02-02,21,194502,CASES,ANTHRAX,UNSPECIFIED,https://www.tycho.pitt.edu/raw/PDF/1945/05.pdf
1,,,US,,reported,1945-01-07,1945-01-13,7,0,1945-02-02,21,194502,CASES,ANTHRAX,UNSPECIFIED,https://www.tycho.pitt.edu/raw/PDF/1945/05.pdf
1,,,US,,reported,,,,0,1942-03-20,,,CASES,ANTHRAX,,https://www.tycho.pitt.edu/raw/PDF/1942/12.pdf
2,,,US,,reported,,,,0,1942-03-27,,,CASES,ANTHRAX,,https://www.tycho.pitt.edu/raw/PDF/1942/13.pdf
3,,,US,,reported,,,,0,1942-05-29,,,CASES,ANTHRAX,,https://www.tycho.pitt.edu/raw/PDF/1942/22.pdf
4,,,US,,reported,,,,0,1942-10-16,,,CASES,ANTHRAX,,https://www.tycho.pitt.edu/raw/PDF/1942/42.pdf
1,,,US,,reported,,,,0,1942-10-23,,,CASES,ANTHRAX,,https://www.tycho.pitt.edu/raw/PDF/1942/43.pdf
1,,,US,,reported,,,,0,1943-07-09,,,CASES,ANTHRAX,,https://www.tycho.pitt.edu/raw/PDF/1943/28.pdf
35,,,US,,reported,,,,0,1943-07-09,,,CASES,ANTHRAX,,https://www.tycho.pitt.edu/raw/PDF/1943/28.pdf
42,,,US,,reported,,,,0,1943-07-09,,,CASES,ANTHRAX,,https://www.tycho.pitt.edu/raw/PDF/1943/28.pdf
1,,,US,,reported,,,,0,1944-01-21,,,CASES,ANTHRAX,,https://www.tycho.pitt.edu/raw/PDF/1944/03.pdf
2,,,US,,reported,,,,0,1944-01-21,,,CASES,ANTHRAX,,https://www.tycho.pitt.edu/raw/PDF/1944/03.pdf
1,,,US,,reported,,,,0,1944-01-21,,,CASES,ANTHRAX,,https://www.tycho.pitt.edu/raw/PDF/1944/03.pdf
2,,,US,,reported,,,,0,1944-06-23,,,CASES,ANTHRAX,,https://www.tycho.pitt.edu/raw/PDF/1944/25.pdf
19,,,US,,reported,,,,0,1944-06-23,,,CASES,ANTHRAX,,https://www.tycho.pitt.edu/raw/PDF/1944/25.pdf
33,,,US,,reported,,,,0,1944-06-23,,,CASES,ANTHRAX,,https://www.tycho.pitt.edu/raw/PDF/1944/25.pdf
