"Level 3 data (Version: 1.1.0) requested on 2017-09-20 11:50:18"
"Data provided by Project Tycho, Data Version 1.1.0, released 12 September 2014."
number,loc,state,country,loc_type,indicator,from_date,to_date,reporting_period,cumulative,pub_date,pub_delay,epi_week,event,disease,subcategory,url
2,,,US,,reported,1951-12-30,1952-01-05,7,0,1952-01-11,7,195201,CASES,BOTULISM,UNSPECIFIED,
1,,,US,,reported,1952-02-10,1952-02-16,7,0,1952-02-25,10,195207,CASES,BOTULISM,UNSPECIFIED,
1,,,US,,reported,1952-03-02,1952-03-08,7,0,1952-03-14,7,195210,CASES,BOTULISM,UNSPECIFIED,
1,,,US,,reported,1952-03-16,1952-03-22,7,0,1952-03-28,7,195212,CASES,BOTULISM,UNSPECIFIED,
2,,,US,,reported,1952-04-06,1952-04-12,7,0,1952-04-18,7,195215,CASES,BOTULISM,UNSPECIFIED,
3,,,US,,reported,1952-04-13,1952-04-19,7,0,1952-04-25,7,195216,CASES,BOTULISM,UNSPECIFIED,
5,,,US,,reported,1952-08-17,1952-08-23,7,0,1952-08-29,7,195234,CASES,BOTULISM,UNSPECIFIED,
1,,,US,,reported,1952-08-31,1952-09-06,7,0,1952-09-12,7,195236,CASES,BOTULISM,UNSPECIFIED,
2,,,US,,reported,1952-11-02,1952-11-08,7,0,1952-11-17,10,195245,CASES,BOTULISM,UNSPECIFIED,
1,,,US,,reported,1952-11-09,1952-11-15,7,0,1952-11-21,7,195246,CASES,BOTULISM,UNSPECIFIED,
1,,,US,,reported,1952-11-30,1952-12-06,7,0,1952-12-12,7,195249,CASES,BOTULISM,UNSPECIFIED,
