"Level 3 data (Version: 1.1.0) requested on 2017-09-20 11:50:18"
"Data provided by Project Tycho, Data Version 1.1.0, released 12 September 2014."
number,loc,state,country,loc_type,indicator,from_date,to_date,reporting_period,cumulative,pub_date,pub_delay,epi_week,event,disease,subcategory,url
4,NEW YORK,NY,US,CITY,reported,1892-09-11,1892-09-17,7,0,1892-09-23,7,189237,DEATHS,CHOLERA,UNSPECIFIED,http://www.ncbi.nlm.nih.gov/pmc/articles/PMC1992156
2,NEW YORK,NY,US,CITY,reported,1892-09-18,1892-09-24,7,0,1892-09-30,7,189238,DEATHS,CHOLERA,UNSPECIFIED,http://www.ncbi.nlm.nih.gov/pmc/articles/PMC1992152
1,NEW ORLEANS,LA,US,CITY,reported,1895-12-29,1896-01-04,7,0,1896-01-17,14,189601,DEATHS,CHOLERA,UNSPECIFIED,http://www.ncbi.nlm.nih.gov/pmc/articles/PMC1999617
2,COLUMBUS,OH,US,CITY,reported,1896-07-26,1896-08-01,7,0,1896-08-07,7,189631,DEATHS,CHOLERA,UNSPECIFIED,http://www.ncbi.nlm.nih.gov/pmc/articles/PMC1999646
1,HAVERHILL,MA,US,CITY,reported,1897-01-31,1897-02-06,7,0,1897-02-12,7,189705,DEATHS,CHOLERA,UNSPECIFIED,http://www.ncbi.nlm.nih.gov/pmc/articles/PMC1998810
5,SHREVEPORT,LA,US,CITY,reported,1900-01-07,1900-01-13,7,0,1900-01-19,7,190002,DEATHS,CHOLERA,UNSPECIFIED,http://www.ncbi.nlm.nih.gov/pmc/articles/PMC2014009
3,MINNEAPOLIS,MN,US,CITY,reported,1900-05-20,1900-05-26,7,0,1900-06-15,21,190021,DEATHS,CHOLERA,UNSPECIFIED,http://www.ncbi.nlm.nih.gov/pmc/articles/PMC2014039
11,NEW ORLEANS,LA,US,CITY,reported,1900-05-20,1900-05-26,7,0,1900-06-15,21,190021,DEATHS,CHOLERA,UNSPECIFIED,http://www.ncbi.nlm.nih.gov/pmc/articles/PMC2014039
16,NEW ORLEANS,LA,US,CITY,reported,1900-05-27,1900-06-02,7,0,1900-06-15,14,190022,DEATHS,CHOLERA,UNSPECIFIED,http://www.ncbi.nlm.nih.gov/pmc/articles/PMC2014039
5,JERSEY CITY,NJ,US,CITY,reported,1905-03-06,1905-03-12,7,0,1905-03-31,20,190510,DEATHS,CHOLERA,UNSPECIFIED,http://www.ncbi.nlm.nih.gov/pmc/articles/PMC2080937
7,JERSEY CITY,NJ,US,CITY,reported,1905-03-13,1905-03-19,7,0,1905-03-31,13,190511,DEATHS,CHOLERA,UNSPECIFIED,http://www.ncbi.nlm.nih.gov/pmc/articles/PMC2080937
4,LOWELL,MA,US,CITY,reported,1905-03-19,1905-03-25,7,0,1905-03-31,7,190512,DEATHS,CHOLERA,UNSPECIFIED,http://www.ncbi.nlm.nih.gov/pmc/articles/PMC2080937
3,CINCINNATI,OH,US,CITY,reported,1905-04-15,1905-04-21,7,0,1905-04-28,8,190516,DEATHS,CHOLERA,UNSPECIFIED,http://www.ncbi.nlm.nih.gov/pmc/articles/PMC2080940
2,FALL RIVER,MA,US,CITY,reported,1905-04-16,1905-04-22,7,0,1905-04-28,7,190516,DEATHS,CHOLERA,UNSPECIFIED,http://www.ncbi.nlm.nih.gov/pmc/articles/PMC2080940
13,JERSEY CITY,NJ,US,CITY,reported,1905-04-03,1905-04-09,7,0,1905-04-28,20,190514,DEATHS,CHOLERA,UNSPECIFIED,http://www.ncbi.nlm.nih.gov/pmc/articles/PMC2080940
7,JERSEY CITY,NJ,US,CITY,reported,1905-04-10,1905-04-16,7,0,1905-04-28,13,190515,DEATHS,CHOLERA,UNSPECIFIED,http://www.ncbi.nlm.nih.gov/pmc/articles/PMC2080940
3,LAWRENCE,MA,US,CITY,reported,1905-04-09,1905-04-15,7,0,1905-04-28,14,190515,DEATHS,CHOLERA,UNSPECIFIED,http://www.ncbi.nlm.nih.gov/pmc/articles/PMC2080940
3,LOWELL,MA,US,CITY,reported,1905-04-16,1905-04-22,7,0,1905-04-28,7,190516,DEATHS,CHOLERA,UNSPECIFIED,http://www.ncbi.nlm.nih.gov/pmc/articles/PMC2080940
2,LYNN,MA,US,CITY,reported,1905-04-09,1905-04-15,7,0,1905-04-28,14,190515,DEATHS,CHOLERA,UNSPECIFIED,http://www.ncbi.nlm.nih.gov/pmc/articles/PMC2080940
1,NASHUA,NH,US,CITY,reported,1905-04-09,1905-04-15,7,0,1905-04-28,14,190515,DEATHS,CHOLERA,UNSPECIFIED,http://www.ncbi.nlm.nih.gov/pmc/articles/PMC2080940
8,NEWARK,NJ,US,CITY,reported,1905-04-09,1905-04-15,7,0,1905-04-28,14,190515,DEATHS,CHOLERA,UNSPECIFIED,http://www.ncbi.nlm.nih.gov/pmc/articles/PMC2080940
4,PROVIDENCE,RI,US,CITY,reported,1905-04-09,1905-04-15,7,0,1905-04-28,14,190515,DEATHS,CHOLERA,UNSPECIFIED,http://www.ncbi.nlm.nih.gov/pmc/articles/PMC2080940
1,WICHITA,KS,US,CITY,reported,1905-04-09,1905-04-15,7,0,1905-04-28,14,190515,DEATHS,CHOLERA,UNSPECIFIED,http://www.ncbi.nlm.nih.gov/pmc/articles/PMC2080940
1,ANN ARBOR,MI,US,CITY,reported,1905-03-05,1905-03-11,7,0,1905-05-12,63,190510,DEATHS,CHOLERA,UNSPECIFIED,http://www.ncbi.nlm.nih.gov/pmc/articles/PMC2081967
5,JERSEY CITY,NJ,US,CITY,reported,1905-04-24,1905-04-30,7,0,1905-05-12,13,190517,DEATHS,CHOLERA,UNSPECIFIED,http://www.ncbi.nlm.nih.gov/pmc/articles/PMC2081967
3,LOWELL,MA,US,CITY,reported,1905-04-30,1905-05-06,7,0,1905-05-12,7,190518,DEATHS,CHOLERA,UNSPECIFIED,http://www.ncbi.nlm.nih.gov/pmc/articles/PMC2081967
3,LYNN,MA,US,CITY,reported,1905-04-23,1905-04-29,7,0,1905-05-12,14,190517,DEATHS,CHOLERA,UNSPECIFIED,http://www.ncbi.nlm.nih.gov/pmc/articles/PMC2081967
1,CHICOPEE,MA,US,CITY,reported,1905-05-07,1905-05-13,7,0,1905-05-19,7,190519,DEATHS,CHOLERA,UNSPECIFIED,http://www.ncbi.nlm.nih.gov/pmc/articles/PMC2080949
3,CINCINNATI,OH,US,CITY,reported,1905-04-29,1905-05-05,7,0,1905-05-19,15,190518,DEATHS,CHOLERA,UNSPECIFIED,http://www.ncbi.nlm.nih.gov/pmc/articles/PMC2080949
1,GRAND RAPIDS,MI,US,CITY,reported,1905-04-23,1905-04-29,7,0,1905-05-19,21,190517,DEATHS,CHOLERA,UNSPECIFIED,http://www.ncbi.nlm.nih.gov/pmc/articles/PMC2080949
2,LAWRENCE,MA,US,CITY,reported,1905-05-04,1905-05-10,7,0,1905-05-19,10,190519,DEATHS,CHOLERA,UNSPECIFIED,http://www.ncbi.nlm.nih.gov/pmc/articles/PMC2080949
4,LOWELL,MA,US,CITY,reported,1905-05-07,1905-05-13,7,0,1905-05-19,7,190519,DEATHS,CHOLERA,UNSPECIFIED,http://www.ncbi.nlm.nih.gov/pmc/articles/PMC2080949
2,LYNN,MA,US,CITY,reported,1905-04-16,1905-04-22,7,0,1905-05-19,28,190516,DEATHS,CHOLERA,UNSPECIFIED,http://www.ncbi.nlm.nih.gov/pmc/articles/PMC2080949
2,LYNN,MA,US,CITY,reported,1905-04-30,1905-05-06,7,0,1905-05-19,14,190518,DEATHS,CHOLERA,UNSPECIFIED,http://www.ncbi.nlm.nih.gov/pmc/articles/PMC2080949
3,NEWARK,NJ,US,CITY,reported,1905-04-30,1905-05-06,7,0,1905-05-19,14,190518,DEATHS,CHOLERA,UNSPECIFIED,http://www.ncbi.nlm.nih.gov/pmc/articles/PMC2080949
8,NEWARK,NJ,US,CITY,reported,1905-05-07,1905-05-13,7,0,1905-05-19,7,190519,DEATHS,CHOLERA,UNSPECIFIED,http://www.ncbi.nlm.nih.gov/pmc/articles/PMC2080949
1,NIAGARA FALLS,NY,US,CITY,reported,1905-04-30,1905-05-06,7,0,1905-05-19,14,190518,DEATHS,CHOLERA,UNSPECIFIED,http://www.ncbi.nlm.nih.gov/pmc/articles/PMC2080949
2,PROVIDENCE,RI,US,CITY,reported,1905-05-07,1905-05-13,7,0,1905-05-19,7,190519,DEATHS,CHOLERA,UNSPECIFIED,http://www.ncbi.nlm.nih.gov/pmc/articles/PMC2080949
1,ST JOSEPH,MO,US,CITY,reported,1905-04-30,1905-05-06,7,0,1905-05-19,14,190518,DEATHS,CHOLERA,UNSPECIFIED,http://www.ncbi.nlm.nih.gov/pmc/articles/PMC2080949
1,SOMERVILLE,MA,US,CITY,reported,1905-05-07,1905-05-13,7,0,1905-05-19,7,190519,DEATHS,CHOLERA,UNSPECIFIED,http://www.ncbi.nlm.nih.gov/pmc/articles/PMC2080949
6,CINCINNATI,OH,US,CITY,reported,1905-05-06,1905-05-12,7,0,1905-05-26,15,190519,DEATHS,CHOLERA,UNSPECIFIED,http://www.ncbi.nlm.nih.gov/pmc/articles/PMC2080942
2,CINCINNATI,OH,US,CITY,reported,1905-05-13,1905-05-19,7,0,1905-05-26,8,190520,DEATHS,CHOLERA,UNSPECIFIED,http://www.ncbi.nlm.nih.gov/pmc/articles/PMC2080942
3,CLEVELAND,OH,US,CITY,reported,1905-05-13,1905-05-19,7,0,1905-05-26,8,190520,DEATHS,CHOLERA,UNSPECIFIED,http://www.ncbi.nlm.nih.gov/pmc/articles/PMC2080942
1,FALL RIVER,MA,US,CITY,reported,1905-05-14,1905-05-20,7,0,1905-05-26,7,190520,DEATHS,CHOLERA,UNSPECIFIED,http://www.ncbi.nlm.nih.gov/pmc/articles/PMC2080942
1,GRAND RAPIDS,MI,US,CITY,reported,1905-05-07,1905-05-13,7,0,1905-05-26,14,190519,DEATHS,CHOLERA,UNSPECIFIED,http://www.ncbi.nlm.nih.gov/pmc/articles/PMC2080942
2,HAVERHILL,MA,US,CITY,reported,1905-05-14,1905-05-20,7,0,1905-05-26,7,190520,DEATHS,CHOLERA,UNSPECIFIED,http://www.ncbi.nlm.nih.gov/pmc/articles/PMC2080942
6,JERSEY CITY,NJ,US,CITY,reported,1905-05-01,1905-05-07,7,0,1905-05-26,20,190518,DEATHS,CHOLERA,UNSPECIFIED,http://www.ncbi.nlm.nih.gov/pmc/articles/PMC2080942
4,JERSEY CITY,NJ,US,CITY,reported,1905-05-08,1905-05-14,7,0,1905-05-26,13,190519,DEATHS,CHOLERA,UNSPECIFIED,http://www.ncbi.nlm.nih.gov/pmc/articles/PMC2080942
2,KINGSTON,NY,US,CITY,reported,1905-05-14,1905-05-20,7,0,1905-05-26,7,190520,DEATHS,CHOLERA,UNSPECIFIED,http://www.ncbi.nlm.nih.gov/pmc/articles/PMC2080942
4,LAWRENCE,MA,US,CITY,reported,1905-05-07,1905-05-13,7,0,1905-05-26,14,190519,DEATHS,CHOLERA,UNSPECIFIED,http://www.ncbi.nlm.nih.gov/pmc/articles/PMC2080942
10,LOWELL,MA,US,CITY,reported,1905-05-14,1905-05-20,7,0,1905-05-26,7,190520,DEATHS,CHOLERA,UNSPECIFIED,http://www.ncbi.nlm.nih.gov/pmc/articles/PMC2080942
2,LYNN,MA,US,CITY,reported,1905-05-07,1905-05-13,7,0,1905-05-26,14,190519,DEATHS,CHOLERA,UNSPECIFIED,http://www.ncbi.nlm.nih.gov/pmc/articles/PMC2080942
1,WICHITA,KS,US,CITY,reported,1905-04-23,1905-04-29,7,0,1905-05-26,28,190517,DEATHS,CHOLERA,UNSPECIFIED,http://www.ncbi.nlm.nih.gov/pmc/articles/PMC2080942
2,CLEVELAND,OH,US,CITY,reported,1905-05-20,1905-05-26,7,0,1905-06-02,8,190521,DEATHS,CHOLERA,UNSPECIFIED,http://www.ncbi.nlm.nih.gov/pmc/articles/PMC2080943
2,FALL RIVER,MA,US,CITY,reported,1905-05-21,1905-05-27,7,0,1905-06-02,7,190521,DEATHS,CHOLERA,UNSPECIFIED,http://www.ncbi.nlm.nih.gov/pmc/articles/PMC2080943
1,LOWELL,MA,US,CITY,reported,1905-05-21,1905-05-27,7,0,1905-06-02,7,190521,DEATHS,CHOLERA,UNSPECIFIED,http://www.ncbi.nlm.nih.gov/pmc/articles/PMC2080943
2,LYNN,MA,US,CITY,reported,1905-05-14,1905-05-20,7,0,1905-06-02,14,190520,DEATHS,CHOLERA,UNSPECIFIED,http://www.ncbi.nlm.nih.gov/pmc/articles/PMC2080943
4,CLEVELAND,OH,US,CITY,reported,1905-06-04,1905-06-10,7,0,1905-06-16,7,190523,DEATHS,CHOLERA,UNSPECIFIED,http://www.ncbi.nlm.nih.gov/pmc/articles/PMC2080950
1,GRAND RAPIDS,MI,US,CITY,reported,1905-05-28,1905-06-03,7,0,1905-06-16,14,190522,DEATHS,CHOLERA,UNSPECIFIED,http://www.ncbi.nlm.nih.gov/pmc/articles/PMC2080950
1,KINGSTON,NY,US,CITY,reported,1905-05-28,1905-06-03,7,0,1905-06-16,14,190522,DEATHS,CHOLERA,UNSPECIFIED,http://www.ncbi.nlm.nih.gov/pmc/articles/PMC2080950
6,LAWRENCE,MA,US,CITY,reported,1905-05-28,1905-06-03,7,0,1905-06-16,14,190522,DEATHS,CHOLERA,UNSPECIFIED,http://www.ncbi.nlm.nih.gov/pmc/articles/PMC2080950
4,LOWELL,MA,US,CITY,reported,1905-06-04,1905-06-10,7,0,1905-06-16,7,190523,DEATHS,CHOLERA,UNSPECIFIED,http://www.ncbi.nlm.nih.gov/pmc/articles/PMC2080950
1,LYNN,MA,US,CITY,reported,1905-05-28,1905-06-03,7,0,1905-06-16,14,190522,DEATHS,CHOLERA,UNSPECIFIED,http://www.ncbi.nlm.nih.gov/pmc/articles/PMC2080950
1,NATCHEZ,MS,US,CITY,reported,1905-05-18,1905-05-24,7,0,1905-06-16,24,190521,DEATHS,CHOLERA,UNSPECIFIED,http://www.ncbi.nlm.nih.gov/pmc/articles/PMC2080950
3,NEWARK,NJ,US,CITY,reported,1905-05-28,1905-06-03,7,0,1905-06-16,14,190522,DEATHS,CHOLERA,UNSPECIFIED,http://www.ncbi.nlm.nih.gov/pmc/articles/PMC2080950
3,PROVIDENCE,RI,US,CITY,reported,1905-05-28,1905-06-03,7,0,1905-06-16,14,190522,DEATHS,CHOLERA,UNSPECIFIED,http://www.ncbi.nlm.nih.gov/pmc/articles/PMC2080950
1,ROCHESTER,NY,US,CITY,reported,1905-06-01,1905-06-07,7,0,1905-06-16,10,190523,DEATHS,CHOLERA,UNSPECIFIED,http://www.ncbi.nlm.nih.gov/pmc/articles/PMC2080950
2,CLEVELAND,OH,US,CITY,reported,1905-06-10,1905-06-16,7,0,1905-06-23,8,190524,DEATHS,CHOLERA,UNSPECIFIED,http://www.ncbi.nlm.nih.gov/pmc/articles/PMC2080951
6,JERSEY CITY,NJ,US,CITY,reported,1905-06-05,1905-06-11,7,0,1905-06-23,13,190523,DEATHS,CHOLERA,UNSPECIFIED,http://www.ncbi.nlm.nih.gov/pmc/articles/PMC2080951
1,LAWRENCE,MA,US,CITY,reported,1905-06-04,1905-06-10,7,0,1905-06-23,14,190523,DEATHS,CHOLERA,UNSPECIFIED,http://www.ncbi.nlm.nih.gov/pmc/articles/PMC2080951
3,LOWELL,MA,US,CITY,reported,1905-06-11,1905-06-17,7,0,1905-06-23,7,190524,DEATHS,CHOLERA,UNSPECIFIED,http://www.ncbi.nlm.nih.gov/pmc/articles/PMC2080951
5,NEWARK,NJ,US,CITY,reported,1905-06-04,1905-06-10,7,0,1905-06-23,14,190523,DEATHS,CHOLERA,UNSPECIFIED,http://www.ncbi.nlm.nih.gov/pmc/articles/PMC2080951
1,NIAGARA FALLS,NY,US,CITY,reported,1905-06-04,1905-06-10,7,0,1905-06-23,14,190523,DEATHS,CHOLERA,UNSPECIFIED,http://www.ncbi.nlm.nih.gov/pmc/articles/PMC2080951
3,PROVIDENCE,RI,US,CITY,reported,1905-06-04,1905-06-10,7,0,1905-06-23,14,190523,DEATHS,CHOLERA,UNSPECIFIED,http://www.ncbi.nlm.nih.gov/pmc/articles/PMC2080951
1,ST JOSEPH,MO,US,CITY,reported,1905-06-04,1905-06-10,7,0,1905-06-23,14,190523,DEATHS,CHOLERA,UNSPECIFIED,http://www.ncbi.nlm.nih.gov/pmc/articles/PMC2080951
3,CLEVELAND,OH,US,CITY,reported,1905-06-17,1905-06-23,7,0,1905-06-30,8,190525,DEATHS,CHOLERA,UNSPECIFIED,http://www.ncbi.nlm.nih.gov/pmc/articles/PMC2080954
5,JERSEY CITY,NJ,US,CITY,reported,1905-06-12,1905-06-18,7,0,1905-06-30,13,190524,DEATHS,CHOLERA,UNSPECIFIED,http://www.ncbi.nlm.nih.gov/pmc/articles/PMC2080954
2,JERSEY CITY,NJ,US,CITY,reported,1905-07-03,1905-07-09,7,0,1905-07-21,13,190527,DEATHS,CHOLERA,UNSPECIFIED,http://www.ncbi.nlm.nih.gov/pmc/articles/PMC2080944
2,PROVIDENCE,RI,US,CITY,reported,1905-07-09,1905-07-15,7,0,1905-07-21,7,190528,DEATHS,CHOLERA,UNSPECIFIED,http://www.ncbi.nlm.nih.gov/pmc/articles/PMC2080944
1,SAN FRANCISCO,CA,US,CITY,reported,1905-07-02,1905-07-08,7,0,1905-07-21,14,190527,DEATHS,CHOLERA,UNSPECIFIED,http://www.ncbi.nlm.nih.gov/pmc/articles/PMC2080944
1,SPRINGFIELD,OH,US,CITY,reported,1905-07-08,1905-07-14,7,0,1905-07-21,8,190528,DEATHS,CHOLERA,UNSPECIFIED,http://www.ncbi.nlm.nih.gov/pmc/articles/PMC2080944
1,WILMINGTON,DE,US,CITY,reported,1905-07-09,1905-07-15,7,0,1905-07-21,7,190528,DEATHS,CHOLERA,UNSPECIFIED,http://www.ncbi.nlm.nih.gov/pmc/articles/PMC2080944
7,BOSTON,MA,US,CITY,reported,1905-04-02,1905-04-08,7,0,1905-08-04,119,190514,DEATHS,CHOLERA,UNSPECIFIED,http://www.ncbi.nlm.nih.gov/pmc/articles/PMC2080955
5,BOSTON,MA,US,CITY,reported,1905-04-09,1905-04-15,7,0,1905-08-04,112,190515,DEATHS,CHOLERA,UNSPECIFIED,http://www.ncbi.nlm.nih.gov/pmc/articles/PMC2080955
7,BOSTON,MA,US,CITY,reported,1905-04-16,1905-04-22,7,0,1905-08-04,105,190516,DEATHS,CHOLERA,UNSPECIFIED,http://www.ncbi.nlm.nih.gov/pmc/articles/PMC2080955
8,BOSTON,MA,US,CITY,reported,1905-04-23,1905-04-29,7,0,1905-08-04,98,190517,DEATHS,CHOLERA,UNSPECIFIED,http://www.ncbi.nlm.nih.gov/pmc/articles/PMC2080955
4,BOSTON,MA,US,CITY,reported,1905-04-30,1905-05-06,7,0,1905-08-04,91,190518,DEATHS,CHOLERA,UNSPECIFIED,http://www.ncbi.nlm.nih.gov/pmc/articles/PMC2080955
3,BOSTON,MA,US,CITY,reported,1905-05-07,1905-05-13,7,0,1905-08-04,84,190519,DEATHS,CHOLERA,UNSPECIFIED,http://www.ncbi.nlm.nih.gov/pmc/articles/PMC2080955
5,BOSTON,MA,US,CITY,reported,1905-05-14,1905-05-20,7,0,1905-08-04,77,190520,DEATHS,CHOLERA,UNSPECIFIED,http://www.ncbi.nlm.nih.gov/pmc/articles/PMC2080955
5,BOSTON,MA,US,CITY,reported,1905-05-21,1905-05-27,7,0,1905-08-04,70,190521,DEATHS,CHOLERA,UNSPECIFIED,http://www.ncbi.nlm.nih.gov/pmc/articles/PMC2080955
6,BOSTON,MA,US,CITY,reported,1905-05-28,1905-06-03,7,0,1905-08-04,63,190522,DEATHS,CHOLERA,UNSPECIFIED,http://www.ncbi.nlm.nih.gov/pmc/articles/PMC2080955
5,BOSTON,MA,US,CITY,reported,1905-06-04,1905-06-10,7,0,1905-08-04,56,190523,DEATHS,CHOLERA,UNSPECIFIED,http://www.ncbi.nlm.nih.gov/pmc/articles/PMC2080955
6,BOSTON,MA,US,CITY,reported,1905-06-11,1905-06-17,7,0,1905-08-04,49,190524,DEATHS,CHOLERA,UNSPECIFIED,http://www.ncbi.nlm.nih.gov/pmc/articles/PMC2080955
5,BOSTON,MA,US,CITY,reported,1905-06-18,1905-06-24,7,0,1905-08-04,42,190525,DEATHS,CHOLERA,UNSPECIFIED,http://www.ncbi.nlm.nih.gov/pmc/articles/PMC2080955
5,BOSTON,MA,US,CITY,reported,1905-06-25,1905-07-01,7,0,1905-08-04,35,190526,DEATHS,CHOLERA,UNSPECIFIED,http://www.ncbi.nlm.nih.gov/pmc/articles/PMC2080955
5,BOSTON,MA,US,CITY,reported,1905-07-02,1905-07-08,7,0,1905-08-04,28,190527,DEATHS,CHOLERA,UNSPECIFIED,http://www.ncbi.nlm.nih.gov/pmc/articles/PMC2080955
2,BOSTON,MA,US,CITY,reported,1905-07-09,1905-07-15,7,0,1905-08-04,21,190528,DEATHS,CHOLERA,UNSPECIFIED,http://www.ncbi.nlm.nih.gov/pmc/articles/PMC2080955
1,BOSTON,MA,US,CITY,reported,1905-07-23,1905-07-29,7,0,1905-08-04,7,190530,DEATHS,CHOLERA,UNSPECIFIED,http://www.ncbi.nlm.nih.gov/pmc/articles/PMC2080955
4,CLEVELAND,OH,US,CITY,reported,1905-07-22,1905-07-28,7,0,1905-08-04,8,190530,DEATHS,CHOLERA,UNSPECIFIED,http://www.ncbi.nlm.nih.gov/pmc/articles/PMC2080955
1,MANSFIELD,OH,US,CITY,reported,1905-07-16,1905-07-22,7,0,1905-08-04,14,190529,DEATHS,CHOLERA,UNSPECIFIED,http://www.ncbi.nlm.nih.gov/pmc/articles/PMC2080955
1,NEWARK,NJ,US,CITY,reported,1905-07-16,1905-07-22,7,0,1905-08-04,14,190529,DEATHS,CHOLERA,UNSPECIFIED,http://www.ncbi.nlm.nih.gov/pmc/articles/PMC2080955
1,PROVIDENCE,RI,US,CITY,reported,1905-07-23,1905-07-29,7,0,1905-08-04,7,190530,DEATHS,CHOLERA,UNSPECIFIED,http://www.ncbi.nlm.nih.gov/pmc/articles/PMC2080955
1,SAN FRANCISCO,CA,US,CITY,reported,1905-07-16,1905-07-22,7,0,1905-08-04,14,190529,DEATHS,CHOLERA,UNSPECIFIED,http://www.ncbi.nlm.nih.gov/pmc/articles/PMC2080955
1,WILMINGTON,DE,US,CITY,reported,1905-07-23,1905-07-29,7,0,1905-08-04,7,190530,DEATHS,CHOLERA,UNSPECIFIED,http://www.ncbi.nlm.nih.gov/pmc/articles/PMC2080955
1,LOWELL,MA,US,CITY,reported,1905-07-30,1905-08-05,7,0,1905-08-11,7,190531,DEATHS,CHOLERA,UNSPECIFIED,http://www.ncbi.nlm.nih.gov/pmc/articles/PMC2080956
1,WHEELING,WV,US,CITY,reported,1905-07-30,1905-08-05,7,0,1905-08-11,7,190531,DEATHS,CHOLERA,UNSPECIFIED,http://www.ncbi.nlm.nih.gov/pmc/articles/PMC2080956
2,BOSTON,MA,US,CITY,reported,1905-08-13,1905-08-19,7,0,1905-08-25,7,190533,DEATHS,CHOLERA,UNSPECIFIED,http://www.ncbi.nlm.nih.gov/pmc/articles/PMC2080958
1,CINCINNATI,OH,US,CITY,reported,1905-08-06,1905-08-12,7,0,1905-08-25,14,190532,DEATHS,CHOLERA,UNSPECIFIED,http://www.ncbi.nlm.nih.gov/pmc/articles/PMC2080958
1,JERSEY CITY,NJ,US,CITY,reported,1905-08-07,1905-08-13,7,0,1905-08-25,13,190532,DEATHS,CHOLERA,UNSPECIFIED,http://www.ncbi.nlm.nih.gov/pmc/articles/PMC2080958
3,BOSTON,MA,US,CITY,reported,1905-09-24,1905-09-30,7,0,1905-10-06,7,190539,DEATHS,CHOLERA,UNSPECIFIED,http://www.ncbi.nlm.nih.gov/pmc/articles/PMC2080957
2,CLEVELAND,OH,US,CITY,reported,1905-09-16,1905-09-22,7,0,1905-10-06,15,190538,DEATHS,CHOLERA,UNSPECIFIED,http://www.ncbi.nlm.nih.gov/pmc/articles/PMC2080957
1,JERSEY CITY,NJ,US,CITY,reported,1905-10-02,1905-10-08,7,0,1905-10-20,13,190540,DEATHS,CHOLERA,UNSPECIFIED,http://www.ncbi.nlm.nih.gov/pmc/articles/PMC2080966
2,SAN FRANCISCO,CA,US,CITY,reported,1905-09-24,1905-09-30,7,0,1905-10-20,21,190539,DEATHS,CHOLERA,UNSPECIFIED,http://www.ncbi.nlm.nih.gov/pmc/articles/PMC2080966
1,CINCINNATI,OH,US,CITY,reported,1905-10-21,1905-10-27,7,0,1905-11-03,8,190543,DEATHS,CHOLERA,UNSPECIFIED,http://www.ncbi.nlm.nih.gov/pmc/articles/PMC2080978
4,CLEVELAND,OH,US,CITY,reported,1905-10-14,1905-10-20,7,0,1905-11-03,15,190542,DEATHS,CHOLERA,UNSPECIFIED,http://www.ncbi.nlm.nih.gov/pmc/articles/PMC2080978
1,PROVIDENCE,RI,US,CITY,reported,1905-10-22,1905-10-28,7,0,1905-11-03,7,190543,DEATHS,CHOLERA,UNSPECIFIED,http://www.ncbi.nlm.nih.gov/pmc/articles/PMC2080978
1,BOSTON,MA,US,CITY,reported,1905-10-29,1905-11-04,7,0,1905-11-10,7,190544,DEATHS,CHOLERA,UNSPECIFIED,http://www.ncbi.nlm.nih.gov/pmc/articles/PMC2080973
4,CLEVELAND,OH,US,CITY,reported,1905-10-21,1905-10-27,7,0,1905-11-10,15,190543,DEATHS,CHOLERA,UNSPECIFIED,http://www.ncbi.nlm.nih.gov/pmc/articles/PMC2080973
2,CLEVELAND,OH,US,CITY,reported,1905-10-28,1905-11-03,7,0,1905-11-10,8,190544,DEATHS,CHOLERA,UNSPECIFIED,http://www.ncbi.nlm.nih.gov/pmc/articles/PMC2080973
1,LAWRENCE,MA,US,CITY,reported,1905-10-22,1905-10-28,7,0,1905-11-10,14,190543,DEATHS,CHOLERA,UNSPECIFIED,http://www.ncbi.nlm.nih.gov/pmc/articles/PMC2080973
1,PROVIDENCE,RI,US,CITY,reported,1905-10-29,1905-11-04,7,0,1905-11-10,7,190544,DEATHS,CHOLERA,UNSPECIFIED,http://www.ncbi.nlm.nih.gov/pmc/articles/PMC2080973
1,BOSTON,MA,US,CITY,reported,1905-11-19,1905-11-25,7,0,1905-12-01,7,190547,DEATHS,CHOLERA,UNSPECIFIED,http://www.ncbi.nlm.nih.gov/pmc/articles/PMC2080969
2,CLEVELAND,OH,US,CITY,reported,1905-11-18,1905-11-24,7,0,1905-12-01,8,190547,DEATHS,CHOLERA,UNSPECIFIED,http://www.ncbi.nlm.nih.gov/pmc/articles/PMC2080969
2,JERSEY CITY,NJ,US,CITY,reported,1905-11-06,1905-11-12,7,0,1905-12-01,20,190545,DEATHS,CHOLERA,UNSPECIFIED,http://www.ncbi.nlm.nih.gov/pmc/articles/PMC2080969
1,LAWRENCE,MA,US,CITY,reported,1905-11-12,1905-11-18,7,0,1905-12-01,14,190546,DEATHS,CHOLERA,UNSPECIFIED,http://www.ncbi.nlm.nih.gov/pmc/articles/PMC2080969
