"Level 3 data (Version: 1.1.0) requested on 2017-09-20 11:50:18"
"Data provided by Project Tycho, Data Version 1.1.0, released 12 September 2014."
number,loc,state,country,loc_type,indicator,from_date,to_date,reporting_period,cumulative,pub_date,pub_delay,epi_week,event,disease,subcategory,url
2,BROOKLYN,NY,US,CITY,reported,1888-08-05,1888-08-11,7,0,1888-08-24,14,188832,DEATHS,YELLOW FEVER,UNSPECIFIED,http://www.ncbi.nlm.nih.gov/pmc/articles/PMC2084178
1,NEW YORK,NY,US,CITY,reported,1888-09-09,1888-09-15,7,0,1888-09-21,7,188837,DEATHS,YELLOW FEVER,UNSPECIFIED,http://www.ncbi.nlm.nih.gov/pmc/articles/PMC2084182
1,LOUISVILLE,KY,US,CITY,reported,1888-09-16,1888-09-22,7,0,1888-09-28,7,188838,DEATHS,YELLOW FEVER,UNSPECIFIED,http://www.ncbi.nlm.nih.gov/pmc/articles/PMC2084183
1,BROOKLYN,NY,US,CITY,reported,1888-10-21,1888-10-27,7,0,1888-11-02,7,188843,DEATHS,YELLOW FEVER,UNSPECIFIED,http://www.ncbi.nlm.nih.gov/pmc/articles/PMC2084188
1,NEW ORLEANS,LA,US,CITY,reported,1889-09-29,1889-10-05,7,0,1889-10-18,14,188940,DEATHS,YELLOW FEVER,UNSPECIFIED,http://www.ncbi.nlm.nih.gov/pmc/articles/PMC1991750
1,NEW YORK,NY,US,CITY,reported,1892-01-31,1892-02-06,7,0,1892-02-12,7,189205,DEATHS,YELLOW FEVER,UNSPECIFIED,http://www.ncbi.nlm.nih.gov/pmc/articles/PMC1992107
8,MILWAUKEE,WI,US,CITY,reported,1894-09-23,1894-09-29,7,0,1894-10-12,14,189439,DEATHS,YELLOW FEVER,UNSPECIFIED,http://www.ncbi.nlm.nih.gov/pmc/articles/PMC1992003
2,CAMBRIDGE,MA,US,CITY,reported,1894-10-07,1894-10-13,7,0,1894-10-19,7,189441,DEATHS,YELLOW FEVER,UNSPECIFIED,http://www.ncbi.nlm.nih.gov/pmc/articles/PMC1991997
2,JAMESTOWN,NY,US,CITY,reported,1895-05-19,1895-05-25,7,0,1895-06-07,14,189521,DEATHS,YELLOW FEVER,UNSPECIFIED,http://www.ncbi.nlm.nih.gov/pmc/articles/PMC1992069
1,HAVERHILL,MA,US,CITY,reported,1897-02-21,1897-02-27,7,0,1897-03-05,7,189708,DEATHS,YELLOW FEVER,UNSPECIFIED,http://www.ncbi.nlm.nih.gov/pmc/articles/PMC1998819
1,MOBILE,AL,US,CITY,reported,1897-06-06,1897-06-12,7,0,1897-06-18,7,189723,DEATHS,YELLOW FEVER,UNSPECIFIED,http://www.ncbi.nlm.nih.gov/pmc/articles/PMC1998847
1,NEW ORLEANS,LA,US,CITY,reported,1897-09-05,1897-09-11,7,0,1897-09-24,14,189736,DEATHS,YELLOW FEVER,UNSPECIFIED,http://www.ncbi.nlm.nih.gov/pmc/articles/PMC1998872
2,MOBILE,AL,US,CITY,reported,1897-09-12,1897-09-18,7,0,1897-10-01,14,189737,DEATHS,YELLOW FEVER,UNSPECIFIED,http://www.ncbi.nlm.nih.gov/pmc/articles/PMC1998892
5,MOBILE,AL,US,CITY,reported,1897-09-19,1897-09-25,7,0,1897-10-01,7,189738,DEATHS,YELLOW FEVER,UNSPECIFIED,http://www.ncbi.nlm.nih.gov/pmc/articles/PMC1998892
6,MOBILE,AL,US,CITY,reported,1897-09-26,1897-10-02,7,0,1897-10-08,7,189739,DEATHS,YELLOW FEVER,UNSPECIFIED,http://www.ncbi.nlm.nih.gov/pmc/articles/PMC1998893
3,NEW ORLEANS,LA,US,CITY,reported,1897-09-12,1897-09-18,7,0,1897-10-08,21,189737,DEATHS,YELLOW FEVER,UNSPECIFIED,http://www.ncbi.nlm.nih.gov/pmc/articles/PMC1998893
14,NEW ORLEANS,LA,US,CITY,reported,1897-09-19,1897-09-25,7,0,1897-10-08,14,189738,DEATHS,YELLOW FEVER,UNSPECIFIED,http://www.ncbi.nlm.nih.gov/pmc/articles/PMC1998893
17,NEW ORLEANS,LA,US,CITY,reported,1897-09-26,1897-10-02,7,0,1897-10-15,14,189739,DEATHS,YELLOW FEVER,UNSPECIFIED,http://www.ncbi.nlm.nih.gov/pmc/articles/PMC1998894
5,MOBILE,AL,US,CITY,reported,1897-10-03,1897-10-09,7,0,1897-10-22,14,189740,DEATHS,YELLOW FEVER,UNSPECIFIED,http://www.ncbi.nlm.nih.gov/pmc/articles/PMC1998895
22,NEW ORLEANS,LA,US,CITY,reported,1897-10-03,1897-10-09,7,0,1897-10-22,14,189740,DEATHS,YELLOW FEVER,UNSPECIFIED,http://www.ncbi.nlm.nih.gov/pmc/articles/PMC1998895
3,MOBILE,AL,US,CITY,reported,1897-10-10,1897-10-16,7,0,1897-10-29,14,189741,DEATHS,YELLOW FEVER,UNSPECIFIED,http://www.ncbi.nlm.nih.gov/pmc/articles/PMC1998896
34,NEW ORLEANS,LA,US,CITY,reported,1897-10-10,1897-10-16,7,0,1897-10-29,14,189741,DEATHS,YELLOW FEVER,UNSPECIFIED,http://www.ncbi.nlm.nih.gov/pmc/articles/PMC1998896
7,MEMPHIS,TN,US,CITY,reported,1897-10-24,1897-10-30,7,0,1897-11-05,7,189743,DEATHS,YELLOW FEVER,UNSPECIFIED,http://www.ncbi.nlm.nih.gov/pmc/articles/PMC1998897
35,NEW ORLEANS,LA,US,CITY,reported,1897-10-17,1897-10-23,7,0,1897-11-05,14,189742,DEATHS,YELLOW FEVER,UNSPECIFIED,http://www.ncbi.nlm.nih.gov/pmc/articles/PMC1998897
5,MEMPHIS,TN,US,CITY,reported,1897-10-31,1897-11-06,7,0,1897-11-12,7,189744,DEATHS,YELLOW FEVER,UNSPECIFIED,http://www.ncbi.nlm.nih.gov/pmc/articles/PMC1998898
54,NEW ORLEANS,LA,US,CITY,reported,1897-10-24,1897-10-30,7,0,1897-11-12,14,189743,DEATHS,YELLOW FEVER,UNSPECIFIED,http://www.ncbi.nlm.nih.gov/pmc/articles/PMC1998898
1,MEMPHIS,TN,US,CITY,reported,1897-11-07,1897-11-13,7,0,1897-11-19,7,189745,DEATHS,YELLOW FEVER,UNSPECIFIED,http://www.ncbi.nlm.nih.gov/pmc/articles/PMC1998899
51,NEW ORLEANS,LA,US,CITY,reported,1897-10-31,1897-11-06,7,0,1897-11-19,14,189744,DEATHS,YELLOW FEVER,UNSPECIFIED,http://www.ncbi.nlm.nih.gov/pmc/articles/PMC1998899
32,NEW ORLEANS,LA,US,CITY,reported,1897-11-02,1897-11-08,7,0,1897-11-26,19,189744,DEATHS,YELLOW FEVER,UNSPECIFIED,http://www.ncbi.nlm.nih.gov/pmc/articles/PMC1998900
12,NEW ORLEANS,LA,US,CITY,reported,1897-11-21,1897-11-27,7,0,1897-12-10,14,189747,DEATHS,YELLOW FEVER,UNSPECIFIED,http://www.ncbi.nlm.nih.gov/pmc/articles/PMC1998901
3,NEW ORLEANS,LA,US,CITY,reported,1897-11-28,1897-12-04,7,0,1897-12-17,14,189748,DEATHS,YELLOW FEVER,UNSPECIFIED,http://www.ncbi.nlm.nih.gov/pmc/articles/PMC1998905
3,NEW ORLEANS,LA,US,CITY,reported,1897-12-05,1897-12-11,7,0,1897-12-17,7,189749,DEATHS,YELLOW FEVER,UNSPECIFIED,http://www.ncbi.nlm.nih.gov/pmc/articles/PMC1998905
1,NEW ORLEANS,LA,US,CITY,reported,1897-12-12,1897-12-18,7,0,1897-12-31,14,189750,DEATHS,YELLOW FEVER,UNSPECIFIED,http://www.ncbi.nlm.nih.gov/pmc/articles/PMC1998906
1,NEW ORLEANS,LA,US,CITY,reported,1897-12-19,1897-12-25,7,0,1898-01-07,14,189751,DEATHS,YELLOW FEVER,UNSPECIFIED,http://www.ncbi.nlm.nih.gov/pmc/articles/PMC1998908
1,NEW ORLEANS,LA,US,CITY,reported,1898-01-02,1898-01-08,7,0,1898-01-21,14,189801,DEATHS,YELLOW FEVER,UNSPECIFIED,http://www.ncbi.nlm.nih.gov/pmc/articles/PMC1998909
1,NEW ORLEANS,LA,US,CITY,reported,1898-09-18,1898-09-24,7,0,1898-10-07,14,189838,DEATHS,YELLOW FEVER,UNSPECIFIED,http://www.ncbi.nlm.nih.gov/pmc/articles/PMC1998968
5,NEW ORLEANS,LA,US,CITY,reported,1898-09-25,1898-10-01,7,0,1898-10-14,14,189839,DEATHS,YELLOW FEVER,UNSPECIFIED,http://www.ncbi.nlm.nih.gov/pmc/articles/PMC1998973
9,NEW ORLEANS,LA,US,CITY,reported,1898-10-02,1898-10-08,7,0,1898-10-28,21,189840,DEATHS,YELLOW FEVER,UNSPECIFIED,http://www.ncbi.nlm.nih.gov/pmc/articles/PMC1998979
8,NEW ORLEANS,LA,US,CITY,reported,1898-10-09,1898-10-15,7,0,1898-10-28,14,189841,DEATHS,YELLOW FEVER,UNSPECIFIED,http://www.ncbi.nlm.nih.gov/pmc/articles/PMC1998979
1,NEW YORK,NY,US,CITY,reported,1898-10-30,1898-11-05,7,0,1898-11-11,7,189844,DEATHS,YELLOW FEVER,UNSPECIFIED,http://www.ncbi.nlm.nih.gov/pmc/articles/PMC1998983
1,NEW ORLEANS,LA,US,CITY,reported,1899-05-28,1899-06-03,7,0,1899-06-16,14,189922,DEATHS,YELLOW FEVER,UNSPECIFIED,http://www.ncbi.nlm.nih.gov/pmc/articles/PMC2014085
1,NEW ORLEANS,LA,US,CITY,reported,1899-08-27,1899-09-02,7,0,1899-09-15,14,189935,DEATHS,YELLOW FEVER,UNSPECIFIED,http://www.ncbi.nlm.nih.gov/pmc/articles/PMC2014150
1,NEW ORLEANS,LA,US,CITY,reported,1899-09-24,1899-09-30,7,0,1899-10-13,14,189939,DEATHS,YELLOW FEVER,UNSPECIFIED,http://www.ncbi.nlm.nih.gov/pmc/articles/PMC2014149
1,BALTIMORE,MD,US,CITY,reported,1899-10-08,1899-10-14,7,0,1899-10-20,7,189941,DEATHS,YELLOW FEVER,UNSPECIFIED,http://www.ncbi.nlm.nih.gov/pmc/articles/PMC2014152
4,NEW ORLEANS,LA,US,CITY,reported,1899-10-01,1899-10-07,7,0,1899-10-20,14,189940,DEATHS,YELLOW FEVER,UNSPECIFIED,http://www.ncbi.nlm.nih.gov/pmc/articles/PMC2014152
3,NEW ORLEANS,LA,US,CITY,reported,1899-10-08,1899-10-14,7,0,1899-10-20,7,189941,DEATHS,YELLOW FEVER,UNSPECIFIED,http://www.ncbi.nlm.nih.gov/pmc/articles/PMC2014152
3,NEW ORLEANS,LA,US,CITY,reported,1899-10-22,1899-10-28,7,0,1899-11-10,14,189943,DEATHS,YELLOW FEVER,UNSPECIFIED,http://www.ncbi.nlm.nih.gov/pmc/articles/PMC2014155
3,NEW ORLEANS,LA,US,CITY,reported,1899-10-29,1899-11-04,7,0,1899-11-10,7,189944,DEATHS,YELLOW FEVER,UNSPECIFIED,http://www.ncbi.nlm.nih.gov/pmc/articles/PMC2014155
3,NEW ORLEANS,LA,US,CITY,reported,1899-10-29,1899-11-04,7,0,1899-11-17,14,189944,DEATHS,YELLOW FEVER,UNSPECIFIED,http://www.ncbi.nlm.nih.gov/pmc/articles/PMC2014156
1,NEW ORLEANS,LA,US,CITY,reported,1899-11-05,1899-11-11,7,0,1899-11-24,14,189945,DEATHS,YELLOW FEVER,UNSPECIFIED,http://www.ncbi.nlm.nih.gov/pmc/articles/PMC2014157
2,NEWARK,NJ,US,CITY,reported,1901-08-18,1901-08-24,7,0,1901-09-06,14,190134,DEATHS,YELLOW FEVER,UNSPECIFIED,http://www.ncbi.nlm.nih.gov/pmc/articles/PMC1998833
1,BOSTON,MA,US,CITY,reported,1903-01-25,1903-01-31,7,0,1903-02-13,14,190304,DEATHS,YELLOW FEVER,UNSPECIFIED,http://www.ncbi.nlm.nih.gov/pmc/articles/PMC2129182
4,NEW ORLEANS,LA,US,CITY,reported,1905-07-16,1905-07-22,7,0,1905-08-04,14,190529,DEATHS,YELLOW FEVER,UNSPECIFIED,http://www.ncbi.nlm.nih.gov/pmc/articles/PMC2080955
29,NEW ORLEANS,LA,US,CITY,reported,1905-07-23,1905-07-29,7,0,1905-08-11,14,190530,DEATHS,YELLOW FEVER,UNSPECIFIED,http://www.ncbi.nlm.nih.gov/pmc/articles/PMC2080956
48,NEW ORLEANS,LA,US,CITY,reported,1905-07-30,1905-08-05,7,0,1905-08-25,21,190531,DEATHS,YELLOW FEVER,UNSPECIFIED,http://www.ncbi.nlm.nih.gov/pmc/articles/PMC2080958
54,NEW ORLEANS,LA,US,CITY,reported,1905-08-06,1905-08-12,7,0,1905-08-25,14,190532,DEATHS,YELLOW FEVER,UNSPECIFIED,http://www.ncbi.nlm.nih.gov/pmc/articles/PMC2080958
42,NORRISTOWN,PA,US,CITY,reported,1905-08-13,1905-08-19,7,0,1905-09-01,14,190533,DEATHS,YELLOW FEVER,UNSPECIFIED,http://www.ncbi.nlm.nih.gov/pmc/articles/PMC2080961
58,NEW ORLEANS,LA,US,CITY,reported,1905-08-20,1905-08-26,7,0,1905-09-08,14,190534,DEATHS,YELLOW FEVER,UNSPECIFIED,http://www.ncbi.nlm.nih.gov/pmc/articles/PMC2080964
34,NEW ORLEANS,LA,US,CITY,reported,1905-08-27,1905-09-02,7,0,1905-09-15,14,190535,DEATHS,YELLOW FEVER,UNSPECIFIED,http://www.ncbi.nlm.nih.gov/pmc/articles/PMC2080960
28,NEW ORLEANS,LA,US,CITY,reported,1905-09-03,1905-09-09,7,0,1905-09-22,14,190536,DEATHS,YELLOW FEVER,UNSPECIFIED,http://www.ncbi.nlm.nih.gov/pmc/articles/PMC2080962
20,NEW ORLEANS,LA,US,CITY,reported,1905-09-10,1905-09-16,7,0,1905-09-29,14,190537,DEATHS,YELLOW FEVER,UNSPECIFIED,http://www.ncbi.nlm.nih.gov/pmc/articles/PMC2080963
32,NEW ORLEANS,LA,US,CITY,reported,1905-09-17,1905-09-23,7,0,1905-10-06,14,190538,DEATHS,YELLOW FEVER,UNSPECIFIED,http://www.ncbi.nlm.nih.gov/pmc/articles/PMC2080957
1,CHICAGO,IL,US,CITY,reported,1905-10-01,1905-10-07,7,0,1905-10-13,7,190540,DEATHS,YELLOW FEVER,UNSPECIFIED,http://www.ncbi.nlm.nih.gov/pmc/articles/PMC2080965
21,NEW ORLEANS,LA,US,CITY,reported,1905-09-24,1905-09-30,7,0,1905-10-13,14,190539,DEATHS,YELLOW FEVER,UNSPECIFIED,http://www.ncbi.nlm.nih.gov/pmc/articles/PMC2080965
21,NEW ORLEANS,LA,US,CITY,reported,1905-10-01,1905-10-07,7,0,1905-10-20,14,190540,DEATHS,YELLOW FEVER,UNSPECIFIED,http://www.ncbi.nlm.nih.gov/pmc/articles/PMC2080966
22,NEW ORLEANS,LA,US,CITY,reported,1905-10-08,1905-10-14,7,0,1905-10-27,14,190541,DEATHS,YELLOW FEVER,UNSPECIFIED,http://www.ncbi.nlm.nih.gov/pmc/articles/PMC2080967
4,NEW ORLEANS,LA,US,CITY,reported,1905-10-15,1905-10-21,7,0,1905-11-03,14,190542,DEATHS,YELLOW FEVER,UNSPECIFIED,http://www.ncbi.nlm.nih.gov/pmc/articles/PMC2080978
9,NEW ORLEANS,LA,US,CITY,reported,1905-10-22,1905-10-28,7,0,1905-11-10,14,190543,DEATHS,YELLOW FEVER,UNSPECIFIED,http://www.ncbi.nlm.nih.gov/pmc/articles/PMC2080973
7,NEW ORLEANS,LA,US,CITY,reported,1905-10-29,1905-11-04,7,0,1905-11-17,14,190544,DEATHS,YELLOW FEVER,UNSPECIFIED,http://www.ncbi.nlm.nih.gov/pmc/articles/PMC2080974
1,NEW ORLEANS,LA,US,CITY,reported,1905-11-05,1905-11-11,7,0,1905-11-24,14,190545,DEATHS,YELLOW FEVER,UNSPECIFIED,http://www.ncbi.nlm.nih.gov/pmc/articles/PMC2080971
1,NEW ORLEANS,LA,US,CITY,reported,1905-11-12,1905-11-18,7,0,1905-12-01,14,190546,DEATHS,YELLOW FEVER,UNSPECIFIED,http://www.ncbi.nlm.nih.gov/pmc/articles/PMC2080969
1,NEW ORLEANS,LA,US,CITY,reported,1905-11-26,1905-12-02,7,0,1905-12-15,14,190548,DEATHS,YELLOW FEVER,UNSPECIFIED,http://www.ncbi.nlm.nih.gov/pmc/articles/PMC2080970
7,NEWARK,NJ,US,CITY,reported,1905-12-24,1905-12-30,7,0,1906-01-12,14,190552,DEATHS,YELLOW FEVER,UNSPECIFIED,http://www.ncbi.nlm.nih.gov/pmc/articles/PMC2080968
1,GALVESTON,TX,US,CITY,reported,1907-03-16,1907-03-22,7,0,1907-04-05,15,190712,CASES,YELLOW FEVER,UNSPECIFIED,http://www.ncbi.nlm.nih.gov/pmc/articles/PMC1999354
1,GALVESTON,TX,US,CITY,reported,1907-03-16,1907-03-22,7,0,1907-04-05,15,190712,DEATHS,YELLOW FEVER,UNSPECIFIED,http://www.ncbi.nlm.nih.gov/pmc/articles/PMC1999354
